2017 다모아 빅데이터 기관정보 (부산),,,,,,,,,
번호,강좌지역,기관유형,기관분류,기관명,주소(도로명),대표전화,홈페이지,상태,비고
1,부산광역시 ,공공,국가 및 지자체,부산시청,부산광역시 연제구 중앙대로 1001,051-120,http://www.busan.go.kr/,,부산끝.
2,부산광역시 ,공공,국가 및 지자체,중구청,부산광역시 중구 중구로 120,051-600-4000,http://www.bsjunggu.go.kr/,,
3,부산광역시 ,공공,주민자치기관,중앙동 주민센터,부산광역시 중구 중앙대로41번길 10,051-600-4901,http://jumin.busan.go.kr/dong/jungang/,,
4,부산광역시 ,공공,주민자치기관,동광동 주민센터,부산광역시 중구 동광길 49,051-600-4902,http://jumin.busan.go.kr/dong/donggwang/,,
5,부산광역시 ,공공,주민자치기관,대청동 주민센터,부산광역시 중구 대청로99번길 14-1,051-600-4903,http://jumin.busan.go.kr/dong/daecheong/,,
6,부산광역시 ,공공,주민자치기관,보수동 주민센터,부산광역시 중구 보수대로140번길 61,051-600-4904,http://jumin.busan.go.kr/dong/bosu/,,
7,부산광역시 ,공공,주민자치기관,부평동 주민센터,부산광역시 중구 중구로29번길 23,051-600-4906,http://jumin.busan.go.kr/dong/bupyeong/,,
8,부산광역시 ,공공,주민자치기관,광복동 주민센터,부산광역시 중구 광복로55번길 10,051-600-4907,http://jumin.busan.go.kr/dong/gwangbok/main/main.jsp,,
9,부산광역시 ,공공,주민자치기관,남포동 주민센터,부산광역시 중구 자갈치로 68-1,051-600-4908,http://jumin.busan.go.kr/dong/nampo/,,
10,부산광역시 ,공공,주민자치기관,영주제1동 주민센터,부산광역시 중구 대영로224번길 10,051-600-4909,http://jumin.busan.go.kr/dong/yeongju1/,,
11,부산광역시 ,공공,주민자치기관,영주제2동 주민센터,부산광역시 중구 동영로 71-2,051-600-4910,http://jumin.busan.go.kr/dong/yeongju2/,,
12,부산광역시 ,공공,국가 및 지자체,서구청,부산광역시 서구 구덕로 120,051-240-4000,http://www.bsseogu.go.kr/,,
13,부산광역시 ,공공,주민자치기관,동대신제1동 주민센터,부산광역시 서구 구덕로280번길 32,051-240-6401,http://jumin.busan.go.kr/dong/dongdaesin1/main/main.jsp,,
14,부산광역시 ,공공,주민자치기관,동대신제2동 주민센터,부산광역시 서구 보동길275번길 9,051-240-6421,http://jumin.busan.go.kr/dong/dongdaesin2/main/main.jsp,,
15,부산광역시 ,공공,주민자치기관,동대신제3동 주민센터,부산광역시 서구 대영로73번길 92,051-240-6441,http://jumin.busan.go.kr/dong/dongdaesin3/main/main.jsp,,
16,부산광역시 ,공공,주민자치기관,서대신제1동 주민센터,부산광역시 서구 구덕로315번길 49,051-240-6461,https://jumin.busan.go.kr/dong/seodaesin1/main/main.jsp,,
17,부산광역시 ,공공,주민자치기관,서대신제3동 주민센터,부산광역시 서구 서대신동3가 609-53,051-240-6481,https://jumin.busan.go.kr/dong/seodaesin3/main/main.jsp,,
18,부산광역시 ,공공,주민자치기관,서대신제4동 주민센터,부산광역시 서구 꽃마을로 49,051-240-6501,https://jumin.busan.go.kr/dong/seodaesin4/main/main.jsp,,
19,부산광역시 ,공공,주민자치기관,부민동 주민센터,부산광역시 서구 임시수도기념로 22-11,051-240-6521,https://jumin.busan.go.kr/dong/bumin/main/main.jsp,,
20,부산광역시 ,공공,주민자치기관,아미동 주민센터,부산광역시 서구 해돋이로269번길 17,051-240-6541,https://jumin.busan.go.kr/dong/ami/main/main.jsp,,
21,부산광역시 ,공공,주민자치기관,초장동 주민센터,부산광역시 서구 초장로27번길 32,051-240-6561,https://jumin.busan.go.kr/dong/chojang/main/main.jsp,,
22,부산광역시 ,공공,주민자치기관,충무동 주민센터,부산광역시 서구 구덕로148번길 16,051-240-6581,https://jumin.busan.go.kr/dong/chungmu/main/main.jsp,,
23,부산광역시 ,공공,주민자치기관,남부민제1동 주민센터,부산광역시 서구 충무대로255번길 5-26,051-240-6601,https://jumin.busan.go.kr/dong/nambumin1/main/main.jsp,,
24,부산광역시 ,공공,주민자치기관,남부민제2동 주민센터,부산광역시 서구 천마로 87,051-240-6621,https://jumin.busan.go.kr/dong/nambumin2/main/main.jsp,,
25,부산광역시 ,공공,주민자치기관,암남동 주민센터,부산광역시 서구 충무대로 85,051-240-6661,https://jumin.busan.go.kr/dong/amnam/main/main.jsp,,
26,부산광역시 ,공공,국가 및 지자체,동구청,부산광역시 동구 구청로 1,051-440-4000,http://www.bsdonggu.go.kr/,,
27,부산광역시 ,공공,주민자치기관,초량제1동 주민센터,부산광역시 동구 중앙대로179번길 33,051-440-4901,https://jumin.busan.go.kr/dong/choryang1/main/main.jsp,,
28,부산광역시 ,공공,주민자치기관,초량제2동 주민센터,부산광역시 동구 중앙대로209번길 30,051-440-4902,https://jumin.busan.go.kr/dong/choryang2/main/main.jsp,,
29,부산광역시 ,공공,주민자치기관,초량제3동 주민센터,부산광역시 동구 초량상로 112,051-440-4903,https://jumin.busan.go.kr/dong/choryang3/main/main.jsp,,
30,부산광역시 ,공공,주민자치기관,초량제6동 주민센터,부산광역시 동구 초량로 75,051-440-4905,https://jumin.busan.go.kr/dong/choryang6/main/main.jsp,,
31,부산광역시 ,공공,주민자치기관,수정제1동 주민센터,부산광역시 동구 홍곡로 71,051-440-4906,https://jumin.busan.go.kr/dong/sujeong1/main/main.jsp,,
32,부산광역시 ,공공,주민자치기관,수정제2동 주민센터,부산광역시 동구 수정중로11번길 23,051-440-4907,https://jumin.busan.go.kr/dong/sujeong2/main/main.jsp,,
33,부산광역시 ,공공,주민자치기관,수정제4동 주민센터,부산광역시 동구 망양로685번길 2,051-440-4909,https://jumin.busan.go.kr/dong/sujeong4/main/main.jsp,,
34,부산광역시 ,공공,주민자치기관,수정제5동 주민센터,부산광역시 동구 망양로795번길 2,051-440-4910,https://jumin.busan.go.kr/dong/sujeong5/main/main.jsp,,
35,부산광역시 ,공공,주민자치기관,좌천동 주민센터,부산광역시 동구 좌천남로 19,051-440-4911,https://jumin.busan.go.kr/dong/jwacheon1/main/main.jsp,,
36,부산광역시 ,공공,주민자치기관,범일제1동 주민센터,부산광역시 동구 범상로 12,051-440-6341,https://jumin.busan.go.kr/dong/beomil1/main/main.jsp,,
37,부산광역시 ,공공,주민자치기관,범일제2동 주민센터,부산광역시 동구 범일로 58,051-440-4914,https://jumin.busan.go.kr/dong/beomil2/main/main.jsp,,
38,부산광역시 ,공공,주민자치기관,범일제5동 주민센터,부산광역시 동구 성남로47번길 13,051-440-4916,https://jumin.busan.go.kr/dong/beomil5/main/main.jsp,,
39,부산광역시 ,공공,국가 및 지자체,영도구청,부산광역시 영도구 태종로 423,051-415-1001,http://www.yeongdo.go.kr/,,
40,부산광역시 ,공공,주민자치기관,남항동 주민센터,부산광역시 영도구 남항로9번길 1,051-419-5501,https://jumin.busan.go.kr/dong/namhang/main/main.jsp,,
41,부산광역시 ,공공,주민자치기관,영선제1동 주민센터,부산광역시 영도구 꿈나무길 25,051-419-5521,https://jumin.busan.go.kr/dong/yeongseon1/main/main.jsp,,
42,부산광역시 ,공공,주민자치기관,영선제2동 주민센터,부산광역시 영도구 영선대로 65,051-419-5541,https://jumin.busan.go.kr/dong/yeongseon2/main/main.jsp,,
43,부산광역시 ,공공,주민자치기관,신선동 주민센터,부산광역시 영도구 하나길 317,051-419-5601,https://jumin.busan.go.kr/dong/sinseon/main/main.jsp,,
44,부산광역시 ,공공,주민자치기관,봉래제1동 주민센터,부산광역시 영도구 대교로6번길 5,051-419-5621,https://jumin.busan.go.kr/dong/bongrae1/main/main.jsp,,
45,부산광역시 ,공공,주민자치기관,봉래제2동 주민센터,부산광역시 영도구 태종로165번길 1-8,051-419-5641,https://jumin.busan.go.kr/dong/bongrae2/main/main.jsp,,
46,부산광역시 ,공공,주민자치기관,청학제1동 주민센터,부산광역시 영도구 청학서로 78,051-419-5681,https://jumin.busan.go.kr/dong/cheonghak1/main/main.jsp,,
47,부산광역시 ,공공,주민자치기관,청학제2동 주민센터,부산광역시 영도구 태종로 394,051-419-5701,https://jumin.busan.go.kr/dong/cheonghak2/main/main.jsp,,
48,부산광역시 ,공공,주민자치기관,동삼제1동 주민센터,부산광역시 영도구 중리로 44-1,051-419-5721,https://jumin.busan.go.kr/dong/dongsam1/main/main.jsp,,
49,부산광역시 ,공공,주민자치기관,동삼제2동 주민센터,부산광역시 영도구 본산남길 5,051-419-5741,https://jumin.busan.go.kr/dong/dongsam2/main/main.jsp,,
50,부산광역시 ,공공,주민자치기관,동삼제3동 주민센터,부산광역시 영도구 상리로 39,051-419-5761,http://jumin.busan.go.kr/dong/dongsam3/main/main.jsp,,
51,부산광역시 ,공공,국가 및 지자체,부산진구청,부산광역시 부산진구 시민공원로 30,051-605-4000,http://www.busanjin.go.kr/,,
52,부산광역시 ,공공,주민자치기관,부전제1동 주민센터,부산광역시 부산진구 범전로5번길 13,051-605-4901,https://jumin.busan.go.kr/dong/bujeon1/main/main.jsp,,
53,부산광역시 ,공공,주민자치기관,부전제2동 주민센터,부산광역시 부산진구 부전로20번길 13,051-605-4902,https://jumin.busan.go.kr/dong/bujeon2/main/main.jsp,,
54,부산광역시 ,공공,주민자치기관,연지동 주민센터,부산광역시 부산진구 국악로 30,051-605-4904,https://jumin.busan.go.kr/dong/yeonji/main/main.jsp,,
55,부산광역시 ,공공,주민자치기관,초읍동 주민센터,부산광역시 부산진구 새싹로 253,051-605-4905,https://jumin.busan.go.kr/dong/choeup/main/main.jsp,,
56,부산광역시 ,공공,주민자치기관,양정제1동 주민센터,부산광역시 부산진구 동평로406번길 38,051-605-4906,http://jumin.busan.go.kr/dong/yangjeong1/main/main.jsp,,
57,부산광역시 ,공공,주민자치기관,양정제2동 주민센터,부산광역시 부산진구 양정로15번길 26,051-605-4907,https://jumin.busan.go.kr/dong/yangjeong2/main/main.jsp,,
58,부산광역시 ,공공,주민자치기관,전포제1동 주민센터,부산광역시 부산진구 서전로68번길 75,051-605-4908,https://jumin.busan.go.kr/dong/jeonpo1/main/main.jsp,,
59,부산광역시 ,공공,주민자치기관,전포제2동 주민센터,부산광역시 부산진구 동성로118번길 34,051-605-4909,https://jumin.busan.go.kr/dong/jeonpo2/main/main.jsp,,
60,부산광역시 ,공공,주민자치기관,부암제1동 주민센터,부산광역시 부산진구 신천대로241번길 41,051-605-4911,https://jumin.busan.go.kr/dong/buam1/main/main.jsp,,
61,부산광역시 ,공공,주민자치기관,부암제3동 주민센터,부산광역시 부산진구 백양순환로110번길 25,051-605-4912,https://jumin.busan.go.kr/dong/buam3/main/main.jsp,,
62,부산광역시 ,공공,주민자치기관,당감제1동 주민센터,부산광역시 부산진구 동평로44번길 49-6,051-605-4913,https://jumin.busan.go.kr/dong/danggam1/main/main.jsp,,
63,부산광역시 ,공공,주민자치기관,당감제2동 주민센터,부산광역시 부산진구 가야대로703번길 13,051-605-4914,https://jumin.busan.go.kr/dong/danggam2/main/main.jsp,,
64,부산광역시 ,공공,주민자치기관,당감제4동 주민센터,부산광역시 부산진구 당감서로 85,051-605-4916,https://jumin.busan.go.kr/dong/danggam4/main/main.jsp,,
65,부산광역시 ,공공,주민자치기관,가야제1동 주민센터,부산광역시 부산진구 가야대로572번길 22,051-605-4919,https://jumin.busan.go.kr/dong/gaya1/main/main.jsp,,
66,부산광역시 ,공공,주민자치기관,가야제2동 주민센터,부산광역시 부산진구 가야공원로40번길 14,051-605-6841,https://jumin.busan.go.kr/dong/gaya2/main/main.jsp,,
67,부산광역시 ,공공,주민자치기관,개금제1동 주민센터,부산광역시 부산진구 가야대로454번길 9,051-605-4920,https://jumin.busan.go.kr/dong/gaegeum1/main/main.jsp,,
68,부산광역시 ,공공,주민자치기관,개금제2동 주민센터,부산광역시 부산진구 복지로 93,051-605-4921,https://jumin.busan.go.kr/dong/gaegeum2/main/main.jsp,,
69,부산광역시 ,공공,주민자치기관,개금제3동 주민센터,부산광역시 부산진구 개금본동로 88,051-605-4922,https://jumin.busan.go.kr/dong/gaegeum3/main/main.jsp,,
70,부산광역시 ,공공,주민자치기관,범천제1동 주민센터,부산광역시 부산진구 범일로192번길 21,051-605-4923,https://jumin.busan.go.kr/dong/beomcheon1/main/main.jsp,,
71,부산광역시 ,공공,주민자치기관,범천제2동 주민센터,부산광역시 부산진구 신암로 48,051-605-4924,https://jumin.busan.go.kr/dong/beomcheon2/main/main.jsp,,
72,부산광역시 ,공공,국가 및 지자체,동래구청,부산광역시 동래구 명륜로94번길 55,051-550-4000,http://www.dongnae.go.kr/,,
73,부산광역시 ,공공,주민자치기관,수민동 주민센터,부산광역시 동래구 온천천로339번길 48,051-550-6301,https://jumin.busan.go.kr/dong/sumin/main/main.jsp,,
74,부산광역시 ,공공,주민자치기관,복산동 주민센터,부산광역시 동래구 복천로 1,051-550-6321,https://jumin.busan.go.kr/dong/boksan/main/main.jsp,,
75,부산광역시 ,공공,주민자치기관,명륜동 주민센터,부산광역시 동래구 명륜로207번길 26,051-550-6361,https://jumin.busan.go.kr/dong/myeongnyun2/main/main.jsp,,
76,부산광역시 ,공공,주민자치기관,온천제1동 주민센터,부산광역시 동래구 금강로 127,051-550-6381,https://jumin.busan.go.kr/dong/oncheon1/main/main.jsp,,
77,부산광역시 ,공공,주민자치기관,온천제2동 주민센터,부산광역시 동래구 충렬대로107번길 28,051-550-6401,https://jumin.busan.go.kr/dong/oncheon2/main/main.jsp,,
78,부산광역시 ,공공,주민자치기관,온천제3동 주민센터,부산광역시 동래구 아시아드대로231번길 21,051-550-6421,https://jumin.busan.go.kr/dong/oncheon3/main/main.jsp,,
79,부산광역시 ,공공,주민자치기관,사직제1동 주민센터,부산광역시 동래구 석사로 19,051-550-6441,https://jumin.busan.go.kr/dong/sajik1/main/main.jsp,,
80,부산광역시 ,공공,주민자치기관,사직제2동 주민센터,부산광역시 동래구 사직북로63번길 22,051-550-6461,https://jumin.busan.go.kr/dong/sajik2/main/main.jsp,,
81,부산광역시 ,공공,주민자치기관,사직제3동 주민센터,부산광역시 동래구 아시아드대로154번길 79,051-550-6481,https://jumin.busan.go.kr/dong/sajik3/main/main.jsp,,
82,부산광역시 ,공공,주민자치기관,안락제1동 주민센터,부산광역시 동래구 안연로110번길 9,051-550-6501,https://jumin.busan.go.kr/dong/anlak1/main/main.jsp,,
83,부산광역시 ,공공,주민자치기관,안락제2동 주민센터,부산광역시 동래구 명안로18번길 103,051-550-6521,https://jumin.busan.go.kr/dong/anlak2/main/main.jsp,,
84,부산광역시 ,공공,주민자치기관,명장제1동 주민센터,부산광역시 동래구 명장로 32,051-550-6541,https://jumin.busan.go.kr/dong/myeongjang1/main/main.jsp,,
85,부산광역시 ,공공,주민자치기관,명장제2동 주민센터,부산광역시 동래구 명서로 168,051-550-6562,https://www.dongnae.go.kr/index.dongnae?menuCd=DOM_000001108000000000,,
86,부산광역시 ,공공,국가 및 지자체,남구청,부산광역시 남구 못골로 19,051-607-4000,http://www.bsnamgu.go.kr/,,
87,부산광역시 ,공공,주민자치기관,대연제1동 주민센터,부산광역시 남구 유엔평화로 24,051-607-4801,https://jumin.busan.go.kr/dong/daeyeon1/main/main.jsp,,
88,부산광역시 ,공공,주민자치기관,대연제3동 주민센터,부산광역시 남구 수영로 345,051-607-4803,https://jumin.busan.go.kr/dong/daeyeon3/main/main.jsp,,
89,부산광역시 ,공공,주민자치기관,대연제4동 주민센터,부산광역시 남구 석포로91번길 96,051-607-4804,https://jumin.busan.go.kr/dong/daeyeon4/main/main.jsp,,
90,부산광역시 ,공공,주민자치기관,대연제5동 주민센터,부산광역시 남구 진남로46번길 7,051-607-4805,https://jumin.busan.go.kr/dong/daeyeon5/main/main.jsp,,
91,부산광역시 ,공공,주민자치기관,대연제6동 주민센터,부산광역시 남구 수영로 155,051-607-4806,https://jumin.busan.go.kr/dong/daeyeon6/main/main.jsp,,
92,부산광역시 ,공공,주민자치기관,용호제1동 주민센터,부산광역시 남구 용호로42번길 140,051-607-4807,https://jumin.busan.go.kr/dong/yongho1/main/main.jsp,,
93,부산광역시 ,공공,주민자치기관,용호제2동 주민센터,부산광역시 남구 용호로197번길 41,051-607-4808,https://jumin.busan.go.kr/dong/yongho2/main/main.jsp,,
94,부산광역시 ,공공,주민자치기관,용호제3동 주민센터,부산광역시 남구 동명로145번길 33,051-607-4809,https://jumin.busan.go.kr/dong/yongho3/main/main.jsp,,
95,부산광역시 ,공공,주민자치기관,용호제4동 주민센터,부산광역시 남구 용호로216번길 10,051-607-4810,https://jumin.busan.go.kr/dong/yongho4/main/main.jsp,,
96,부산광역시 ,공공,주민자치기관,용당동 주민센터,부산광역시 남구 신선로 349-4,051-607-4811,https://jumin.busan.go.kr/dong/yongdang/main/main.jsp,,
97,부산광역시 ,공공,주민자치기관,감만제1동 주민센터,부산광역시 남구 우암로 71-7,051-607-4812,https://jumin.busan.go.kr/dong/gamman1/main/main.jsp,,
98,부산광역시 ,공공,주민자치기관,감만제2동 주민센터,부산광역시 남구 석포로 32-1,051-607-4813,https://jumin.busan.go.kr/dong/gamman2/main/main.jsp,,
99,부산광역시 ,공공,주민자치기관,우암동 주민센터,부산광역시 남구 우암로 190-15,051-607-4814,https://jumin.busan.go.kr/dong/uam1/main/main.jsp,,
100,부산광역시 ,공공,주민자치기관,문현제1동 주민센터,부산광역시 남구 고동골로60번길 1,051-607-4816,https://jumin.busan.go.kr/dong/munhyeon1/main/main.jsp,,
101,부산광역시 ,공공,주민자치기관,문현제2동 주민센터,부산광역시 남구 전포대로92번길 31-7,051-607-4817,https://jumin.busan.go.kr/dong/munhyeon2/main/main.jsp,,
102,부산광역시 ,공공,주민자치기관,문현제3동 주민센터,부산광역시 남구 고동골로4번길 7-18,051-607-4818,https://jumin.busan.go.kr/dong/munhyeon3/main/main.jsp,,
103,부산광역시 ,공공,주민자치기관,문현제4동 주민센터,부산광역시 남구 수영로 12,051-607-4819,https://jumin.busan.go.kr/dong/munhyeon4/main/main.jsp,,
104,부산광역시 ,공공,국가 및 지자체,북구청,부산광역시 북구 낙동대로1570번길 33,051-309-4000,http://www.bsbukgu.go.kr/,,
105,부산광역시 ,공공,주민자치기관,구포제1동 주민센터,부산광역시 북구 낙동대로1762번길 75,051-309-6201,https://jumin.busan.go.kr/dong/gupo1/main/main.jsp,,
106,부산광역시 ,공공,주민자치기관,구포제2동 주민센터,부산광역시 북구 낙동북로663번길 23,051-309-6221,https://jumin.busan.go.kr/dong/gupo2/main/main.jsp,,
107,부산광역시 ,공공,주민자치기관,구포제3동 주민센터,부산광역시 북구 시랑로118번길 23,051-309-6241,https://jumin.busan.go.kr/dong/gupo3/main/main.jsp,,
108,부산광역시 ,공공,주민자치기관,금곡동 주민센터,부산광역시 북구 금곡대로 466,051-309-6261,https://jumin.busan.go.kr/dong/geumgok/main/main.jsp,,
109,부산광역시 ,공공,주민자치기관,화명제1동 주민센터,부산광역시 북구 금곡대로 274,051-309-6301,https://jumin.busan.go.kr/dong/hwamyeong1/main/main.jsp,,
110,부산광역시 ,공공,주민자치기관,화명제2동 주민센터,부산광역시 북구 양달로 58,051-309-6321,https://jumin.busan.go.kr/dong/hwamyeong2/main/main.jsp,,
111,부산광역시 ,공공,주민자치기관,화명제3동 주민센터,부산광역시 북구 화명신도시로 85,051-309-6348,https://jumin.busan.go.kr/dong/hwamyeong3/main/main.jsp,,
112,부산광역시 ,공공,주민자치기관,덕천제1동 주민센터,부산광역시 북구 만덕대로102번가길 11,051-309-6361,https://jumin.busan.go.kr/dong/deokcheon1/main/main.jsp,,
113,부산광역시 ,공공,주민자치기관,덕천제2동 주민센터,부산광역시 북구 금곡대로20번길 60,051-309-6381,https://jumin.busan.go.kr/dong/deokcheon2/main/main.jsp,,
114,부산광역시 ,공공,주민자치기관,덕천제3동 주민센터,부산광역시 북구 덕천로 118,051-309-6401,https://jumin.busan.go.kr/dong/deokcheon3/main/main.jsp,,
115,부산광역시 ,공공,주민자치기관,만덕제1동 주민센터,부산광역시 북구 만덕1로 1,051-309-6421,https://jumin.busan.go.kr/dong/mandeok1/main/main.jsp,,
116,부산광역시 ,공공,주민자치기관,만덕제2동 주민센터,부산광역시 북구 만덕2로44번길 10,051-309-6441,https://jumin.busan.go.kr/dong/mandeok2/main/main.jsp,,
117,부산광역시 ,공공,주민자치기관,만덕제3동 주민센터,부산광역시 북구 만덕3로 52,051-309-6461,https://jumin.busan.go.kr/dong/mandeok3/main/main.jsp,,
118,부산광역시 ,공공,국가 및 지자체,강서구청,부산광역시 강서구 낙동북로 477,051-970-4000,http://www.bsgangseo.go.kr/,,
119,부산광역시 ,공공,주민자치기관,대저1동 주민센터,부산광역시 강서구 대저로221번길 19,051-970-4901,https://jumin.busan.go.kr/dong/daejeo1/main/main.jsp,,
120,부산광역시 ,공공,주민자치기관,대저2동 주민센터,부산광역시 강서구 공항로811번가길 30-1,051-970-4902,https://jumin.busan.go.kr/dong/daejeo2/main/main.jsp,,
121,부산광역시 ,공공,주민자치기관,강동동 주민센터,부산광역시 강서구 제도로 1171,051-970-4903,https://jumin.busan.go.kr/dong/gangdong/main/main.jsp,,
122,부산광역시 ,공공,주민자치기관,명지동 주민센터,부산광역시 강서구 영강길19번길 58,051-970-4904,https://jumin.busan.go.kr/dong/myeongji/main/main.jsp,,
123,부산광역시 ,공공,주민자치기관,가락동 주민센터,부산광역시 강서구 가락대로 1476,051-970-4905,https://jumin.busan.go.kr/dong/garak/main/main.jsp,,
124,부산광역시 ,공공,주민자치기관,녹산동 주민센터,부산광역시 강서구 가락대로900번가길 32,051-970-4906,https://jumin.busan.go.kr/dong/noksan/main/main.jsp,,
125,부산광역시 ,공공,주민자치기관,가덕도동 주민센터,부산광역시 강서구 동선3길 1,051-970-4907,https://jumin.busan.go.kr/dong/cheonga/main/main.jsp,,
126,부산광역시 ,공공,국가 및 지자체,해운대구청,부산광역시 해운대구 중동2로 11,051-749-4000,http://www.haeundae.go.kr/,,
127,부산광역시 ,공공,주민자치기관,우제1동 주민센터,부산광역시 해운대구 해운대로 612,051-749-5811,https://jumin.busan.go.kr/dong/u-1/main/main.jsp,,
128,부산광역시 ,공공,주민자치기관,우제2동 주민센터,부산광역시 해운대구 해운대로383번가길 7,051-749-5821,https://jumin.busan.go.kr/dong/u-2/main/main.jsp,,
129,부산광역시 ,공공,주민자치기관,우제3동 주민센터,부산광역시 해운대구 해운대해변로 104,051-749-6661,https://jumin.busan.go.kr/dong/u-3/main/main.jsp,,
130,부산광역시 ,공공,주민자치기관,중제1동 주민센터,부산광역시 해운대구 중동1로37번길 20,051-749-5831,https://jumin.busan.go.kr/dong/jung1/main/main.jsp,,
131,부산광역시 ,공공,주민자치기관,중제2동 주민센터,부산광역시 해운대구 좌동순환로433번길 34,051-749-5841,https://jumin.busan.go.kr/dong/jung2/main/main.jsp,,
132,부산광역시 ,공공,주민자치기관,좌제1동 주민센터,부산광역시 해운대구 양운로 91,051-749-5851,https://jumin.busan.go.kr/dong/jwa1/main/main.jsp,,
133,부산광역시 ,공공,주민자치기관,좌제2동 주민센터,부산광역시 해운대구 좌동 1327-1,051-749-5861,https://jumin.busan.go.kr/dong/jwa2/main/main.jsp,,
134,부산광역시 ,공공,주민자치기관,좌제3동 주민센터,부산광역시 해운대구 좌동순환로 65,051-749-5871,https://jumin.busan.go.kr/dong/jwa3/main/main.jsp,,
135,부산광역시 ,공공,주민자치기관,좌제4동 주민센터,부산광역시 해운대구 좌동순환로 183,051-749-5881,https://jumin.busan.go.kr/dong/jwa4/main/main.jsp,,
136,부산광역시 ,공공,주민자치기관,송정동 주민센터,부산광역시 해운대구 송정중앙로21번길 20,051-749-5891,https://jumin.busan.go.kr/dong/songjeong/main/main.jsp,,
137,부산광역시 ,공공,주민자치기관,반여제1동 주민센터,부산광역시 해운대구 선수촌로 85,051-749-5901,https://jumin.busan.go.kr/dong/banyeo1/main/main.jsp,,
138,부산광역시 ,공공,주민자치기관,반여제2동 주민센터,부산광역시 해운대구 재반로211번길 9,051-749-5911,https://jumin.busan.go.kr/dong/banyeo2/main/main.jsp,,
139,부산광역시 ,공공,주민자치기관,반여제3동 주민센터,부산광역시 해운대구 재반로256번길 29-70,051-749-5921,https://jumin.busan.go.kr/dong/banyeo3/main/main.jsp,,
140,부산광역시 ,공공,주민자치기관,반여제4동 주민센터,부산광역시 해운대구 삼어로133번길 50,051-749-5931,https://jumin.busan.go.kr/dong/banyeo4/main/main.jsp,,
141,부산광역시 ,공공,주민자치기관,반송제1동 주민센터,부산광역시 해운대구 아랫반송로 16,051-749-5941,https://jumin.busan.go.kr/dong/bansong1/main/main.jsp,,
142,부산광역시 ,공공,주민자치기관,반송제2동 주민센터,부산광역시 해운대구 신반송로 173,051-749-5951,https://jumin.busan.go.kr/dong/bansong2/main/main.jsp,,
143,부산광역시 ,공공,주민자치기관,재송제1동 주민센터,부산광역시 해운대구 재반로63번길 23,051-749-5971,https://jumin.busan.go.kr/dong/jaesong1/main/main.jsp,,
144,부산광역시 ,공공,주민자치기관,재송제2동 주민센터,부산광역시 해운대구 재반로125번길 26,051-749-5981,https://jumin.busan.go.kr/dong/jaesong2/main/main.jsp,,
145,부산광역시 ,공공,국가 및 지자체,사하구청,부산광역시 사하구 낙동대로398번길 12,051-220-4000,http://www.saha.go.kr,,
146,부산광역시 ,공공,주민자치기관,괴정제1동 주민센터,부산광역시 사하구 낙동대로250번안길 3,051-220-5002,https://jumin.busan.go.kr/dong/goejeong1/main/main.jsp,,
147,부산광역시 ,공공,주민자치기관,괴정제2동 주민센터,부산광역시 사하구 까치고개로 14-1,051-220-5036,https://jumin.busan.go.kr/dong/goejeong2/main/main.jsp,,
148,부산광역시 ,공공,주민자치기관,괴정제3동 주민센터,부산광역시 사하구 낙동대로171번길 30-5,051-220-5061,https://jumin.busan.go.kr/dong/goejeong3/main/main.jsp,,
149,부산광역시 ,공공,주민자치기관,괴정제4동 주민센터,부산광역시 사하구 낙동대로309번길 9,051-220-5091,https://jumin.busan.go.kr/dong/goejeong4/main/main.jsp,,
150,부산광역시 ,공공,주민자치기관,당리동 주민센터,부산광역시 사하구 낙동대로 380,051-220-5121,https://jumin.busan.go.kr/dong/dangni/main/main.jsp,,
151,부산광역시 ,공공,주민자치기관,하단제1동 주민센터,부산광역시 사하구 하신중앙로 308,051-220-5151,https://jumin.busan.go.kr/dong/hadan1/main/main.jsp,,
152,부산광역시 ,공공,주민자치기관,하단제2동 주민센터,부산광역시 사하구 하신번영로 377,051-220-5181,https://jumin.busan.go.kr/dong/hadan2/main/main.jsp,,
153,부산광역시 ,공공,주민자치기관,신평제1동 주민센터,부산광역시 사하구 신산로 173,051-220-5211,https://jumin.busan.go.kr/dong/sinpyeong1/main/main.jsp,,
154,부산광역시 ,공공,주민자치기관,신평제2동 주민센터,부산광역시 사하구 하신번영로 137,051-220-4909,https://jumin.busan.go.kr/dong/sinpyeong2/main/main.jsp,,
155,부산광역시 ,공공,주민자치기관,장림제1동 주민센터,부산광역시 사하구 장림로161번길 2,051-220-5271,https://jumin.busan.go.kr/dong/jangrim1/main/main.jsp,,
156,부산광역시 ,공공,주민자치기관,장림제2동 주민센터,부산광역시 사하구 장평로 131,051-220-5301,https://jumin.busan.go.kr/dong/jangrim2/main/main.jsp,,
157,부산광역시 ,공공,주민자치기관,다대제1동 주민센터,부산광역시 사하구 다대로530번길 7,051-220-5331,https://jumin.busan.go.kr/dong/dadae1/main/main.jsp,,
158,부산광역시 ,공공,주민자치기관,다대제2동 주민센터,부산광역시 사하구 다대로429번길 30,051-220-5361,https://jumin.busan.go.kr/dong/dadae2/main/main.jsp,,
159,부산광역시 ,공공,주민자치기관,구평동 주민센터,부산광역시 사하구 서포로 48,051-220-5391,https://jumin.busan.go.kr/dong/gupyeong/main/main.jsp,,
160,부산광역시 ,공공,주민자치기관,감천제1동 주민센터,부산광역시 사하구 감천로117번길 2,051-220-5421,https://jumin.busan.go.kr/dong/gamcheon1/main/main.jsp,,
161,부산광역시 ,공공,주민자치기관,감천제2동 주민센터,부산광역시 사하구 옥천로93번길 14,051-220-5451,https://jumin.busan.go.kr/dong/gamcheon2/main/main.jsp,,
162,부산광역시 ,공공,국가 및 지자체,금정구청,부산광역시 금정구 중앙대로 1777,051-519-4000,http://www.geumjeong.go.kr/,,
163,부산광역시 ,공공,주민자치기관,서제1동 주민센터,부산광역시 금정구 서부로69번길 17,051-519-5100,https://jumin.busan.go.kr/dong/seo1/main/main.jsp,,
164,부산광역시 ,공공,주민자치기관,서제2동 주민센터,부산광역시 금정구 서동중심로 33,051-519-5120,https://jumin.busan.go.kr/dong/seo2/main/main.jsp,,
165,부산광역시 ,공공,주민자치기관,서제3동 주민센터,부산광역시 금정구 서곡로33번길 9,051-519-5140,https://jumin.busan.go.kr/dong/seo3/main/main.jsp,,
166,부산광역시 ,공공,주민자치기관,금사동 주민센터,부산광역시 금정구 금사로85번길 12,051-519-5180,https://jumin.busan.go.kr/dong/geumsa/main/main.jsp,,
167,부산광역시 ,공공,주민자치기관,부곡제1동 주민센터,부산광역시 금정구 동부곡로6번길 29,051-519-5200,https://jumin.busan.go.kr/dong/bugok1/main/main.jsp,,
168,부산광역시 ,공공,주민자치기관,부곡제2동 주민센터,부산광역시 금정구 부곡로156번길 7,051-519-5220,https://jumin.busan.go.kr/dong/bugok2/main/main.jsp,,
169,부산광역시 ,공공,주민자치기관,부곡제3동 주민센터,부산광역시 금정구 기찰로 107,051-519-5240,https://jumin.busan.go.kr/dong/bugok3/main/main.jsp,,
170,부산광역시 ,공공,주민자치기관,부곡제4동 주민센터,부산광역시 금정구 부곡로18번안길 37,051-519-5260,https://jumin.busan.go.kr/dong/bugok4/main/main.jsp,,
171,부산광역시 ,공공,주민자치기관,장전제1동 주민센터,부산광역시 금정구 금강로335번길 27,051-519-5280,https://jumin.busan.go.kr/dong/jangjeon1/main/main.jsp,,
172,부산광역시 ,공공,주민자치기관,장전제2동 주민센터,부산광역시 금정구 소정로 19,051-519-5300,https://jumin.busan.go.kr/dong/jangjeon2/main/main.jsp,,
173,부산광역시 ,공공,주민자치기관,장전제3동 주민센터,부산광역시 금정구 금정로 29-6,051-519-5320,https://jumin.busan.go.kr/dong/jangjeon3/main/main.jsp,,
174,부산광역시 ,공공,주민자치기관,선두구동 주민센터,부산광역시 금정구 두구죽전1길 13,051-519-5340,https://jumin.busan.go.kr/dong/seondugu/main/main.jsp,,
175,부산광역시 ,공공,주민자치기관,청룡노포동 주민센터,부산광역시 금정구 청룡로 25,051-519-5360,https://jumin.busan.go.kr/dong/cheongnyongnopo/main/main.jsp,,
176,부산광역시 ,공공,주민자치기관,남산동 주민센터,부산광역시 금정구 중앙대로2097번길 4,051-519-5380,https://jumin.busan.go.kr/dong/namsan/main/main.jsp,,
177,부산광역시 ,공공,주민자치기관,구서제1동 주민센터,부산광역시 금정구 수림로72번길 123,051-519-4916,https://jumin.busan.go.kr/dong/guseo1/main/main.jsp,,
178,부산광역시 ,공공,주민자치기관,구서제2동 주민센터,부산광역시 금정구 두실로7번길 115,051-519-5420,https://jumin.busan.go.kr/dong/guseo2/main/main.jsp,,
179,부산광역시 ,공공,주민자치기관,금성동 주민센터,부산광역시 금정구 산성로 452,051-519-5440,https://jumin.busan.go.kr/dong/geumseong/main/main.jsp,,
180,부산광역시 ,공공,국가 및 지자체,연제구청,부산광역시 연제구 연제로 2,051-665-4000,http://www.yeonje.go.kr/,,
181,부산광역시 ,공공,주민자치기관,거제제1동 주민센터,부산광역시 연제구 법원북로 88,051-665-5711,https://jumin.busan.go.kr/dong/geoje1/main/main.jsp,,
182,부산광역시 ,공공,주민자치기관,거제제2동 주민센터,부산광역시 연제구 아시아드대로22번길 19,051-665-5731,https://jumin.busan.go.kr/dong/geoje2/main/main.jsp,,
183,부산광역시 ,공공,주민자치기관,거제제3동 주민센터,부산광역시 연제구 거제대로 180,051-665-5751,https://jumin.busan.go.kr/dong/geoje3/main/main.jsp,,
184,부산광역시 ,공공,주민자치기관,거제제4동 주민센터,부산광역시 연제구 해맞이로 53,051-665-5771,https://jumin.busan.go.kr/dong/geoje4/main/main.jsp,,
185,부산광역시 ,공공,주민자치기관,연산제1동 주민센터,부산광역시 연제구 연동로8번길 66,051-665-5791,https://jumin.busan.go.kr/dong/yeonsan1/main/main.jsp,,
186,부산광역시 ,공공,주민자치기관,연산제2동 주민센터,부산광역시 연제구 중앙대로1038번길 39,051-665-5811,https://jumin.busan.go.kr/dong/yeonsan2/main/main.jsp,,
187,부산광역시 ,공공,주민자치기관,연산제3동 주민센터,부산광역시 연제구 연수로218번길 4,051-665-5831,https://jumin.busan.go.kr/dong/yeonsan3/main/main.jsp,,
188,부산광역시 ,공공,주민자치기관,연산제4동 주민센터,부산광역시 연제구 쌍미천로151번길 42,051-665-5851,https://jumin.busan.go.kr/dong/yeonsan4/main/main.jsp,,
189,부산광역시 ,공공,주민자치기관,연산제5동 주민센터,부산광역시 연제구 거제천로124번길 15,051-665-5871,https://jumin.busan.go.kr/dong/yeonsan5/main/main.jsp,,
190,부산광역시 ,공공,주민자치기관,연산제6동 주민센터,부산광역시 연제구 쌍미천로52번길 2,051-665-5891,https://jumin.busan.go.kr/dong/yeonsan6/main/main.jsp,,
191,부산광역시 ,공공,주민자치기관,연산제8동 주민센터,부산광역시 연제구 과정로251번길 33,051-665-5911,https://jumin.busan.go.kr/dong/yeonsan8/main/main.jsp,,
192,부산광역시 ,공공,주민자치기관,연산제9동 주민센터,부산광역시 연제구 안연로8번길 71,051-665-5931,https://jumin.busan.go.kr/dong/yeonsan9/main/main.jsp,,
193,부산광역시 ,공공,국가 및 지자체,수영구청,부산광역시 수영구 남천동로 100,051-610-4000,http://www.suyeong.go.kr/,,
194,부산광역시 ,공공,주민자치기관,남천제1동 주민센터,부산광역시 수영구 남천동로 13,051-610-8900,https://jumin.busan.go.kr/dong/namcheon1/main/main.jsp,,
195,부산광역시 ,공공,주민자치기관,남천제2동 주민센터,부산광역시 수영구 광안해변로 99,051-610-8910,https://jumin.busan.go.kr/dong/namcheon2/main/main.jsp,,
196,부산광역시 ,공공,주민자치기관,수영동 주민센터,부산광역시 수영구 수영성로 36,051-610-8920,https://jumin.busan.go.kr/dong/suyeong/main/main.jsp,,
197,부산광역시 ,공공,주민자치기관,망미제1동 주민센터,부산광역시 수영구 연수로315번길 23,051-610-8930,https://jumin.busan.go.kr/dong/mangmi1/main/main.jsp,,
198,부산광역시 ,공공,주민자치기관,망미제2동 주민센터,부산광역시 수영구 구락로81번길 40,051-610-8940,https://jumin.busan.go.kr/dong/mangmi2/main/main.jsp,,
199,부산광역시 ,공공,주민자치기관,광안제1동 주민센터,부산광역시 수영구 광일로14번길 17,051-610-8950,https://jumin.busan.go.kr/dong/gwangan1/main/main.jsp,,
200,부산광역시 ,공공,주민자치기관,광안제2동 주민센터,부산광역시 수영구 광안로16번길 22,051-610-8960,https://jumin.busan.go.kr/dong/gwangan2/main/main.jsp,,
201,부산광역시 ,공공,주민자치기관,광안제3동 주민센터,부산광역시 수영구 망미번영로38번길 103,051-610-8970,https://jumin.busan.go.kr/dong/gwangan3/main/main.jsp,,
202,부산광역시 ,공공,주민자치기관,광안제4동 주민센터,부산광역시 수영구 호암로9번길 34,051-610-8980,https://jumin.busan.go.kr/dong/gwangan4/main/main.jsp,,
203,부산광역시 ,공공,주민자치기관,민락동 주민센터,부산광역시 수영구 광안해변로295번길 20,051-610-8990,https://jumin.busan.go.kr/dong/millak/main/main.jsp,,
204,부산광역시 ,공공,국가 및 지자체,사상구청,부산광역시 사상구 학감대로 242,051-310-4000,https://www.sasang.go.kr,,
205,부산광역시 ,공공,주민자치기관,삼락동 주민센터,부산광역시 사상구 낙동대로1310번길 19,051-310-3020,https://jumin.busan.go.kr/dong/samnak/main/main.jsp,,
206,부산광역시 ,공공,주민자치기관,모라제1동 주민센터,부산광역시 사상구 백양대로 952,051-310-3040,https://jumin.busan.go.kr/dong/mora1/main/main.jsp,,
207,부산광역시 ,공공,주민자치기관,모라제3동 주민센터,부산광역시 사상구 모라로110번길 99,051-310-3060,https://jumin.busan.go.kr/dong/mora3/main/main.jsp,,
208,부산광역시 ,공공,주민자치기관,덕포제1동 주민센터,부산광역시 사상구 사상로292번길 12,051-310-3080,https://jumin.busan.go.kr/dong/deokpo1/main/main.jsp,,
209,부산광역시 ,공공,주민자치기관,덕포제2동 주민센터,부산광역시 사상구 사상로333번길 17,051-310-3100,https://jumin.busan.go.kr/dong/deokpo2/main/main.jsp,,
210,부산광역시 ,공공,주민자치기관,괘법동 주민센터,부산광역시 사상구 광장로97번길 6,051-310-3120,https://jumin.busan.go.kr/dong/gwaebeop/main/main.jsp,,
211,부산광역시 ,공공,주민자치기관,감전동 주민센터,부산광역시 사상구 새벽시장로56번길 20,051-310-3140,https://jumin.busan.go.kr/dong/gamjeon1/main/main.jsp,,
212,부산광역시 ,공공,주민자치기관,주례제1동 주민센터,부산광역시 사상구 사상로 22,051-310-3160,https://jumin.busan.go.kr/dong/jurye1/main/main.jsp,,
213,부산광역시 ,공공,주민자치기관,주례제2동 주민센터,부산광역시 사상구 주례로10번길 15,051-310-3180,https://jumin.busan.go.kr/dong/jurye2/main/main.jsp,,
214,부산광역시 ,공공,주민자치기관,주례제3동 주민센터,부산광역시 사상구 냉정로 10,051-310-3200,https://jumin.busan.go.kr/dong/jurye3/main/main.jsp,,
215,부산광역시 ,공공,주민자치기관,학장동 주민센터,부산광역시 사상구 학감대로147번길 11,051-310-3220,https://jumin.busan.go.kr/dong/hakjang/main/main.jsp,,
216,부산광역시 ,공공,주민자치기관,엄궁동 주민센터,부산광역시 사상구 엄궁북로 15,051-310-3240,https://jumin.busan.go.kr/dong/eomgung/main/main.jsp,,
217,부산광역시 ,공공,국가 및 지자체,기장군청,부산광역시 기장군 기장읍 기장대로 560,051-709-4000,http://www.gijang.go.kr/index.gijang,,
218,부산광역시 ,공공,주민자치기관,기장읍 주민센터,부산광역시 기장군 기장읍 차성동로5번길 10,051-709-5111,https://jumin.busan.go.kr/dong/gijang/main/main.jsp,,
219,부산광역시 ,공공,주민자치기관,장안읍 주민센터,부산광역시 기장군 장안읍 좌방길 5,051-709-5174,https://jumin.busan.go.kr/dong/jangan/main/main.jsp,,
220,부산광역시 ,공공,주민자치기관,정관읍 주민센터,부산광역시 기장군 정관읍 용수로 4,051-709-5241,https://jumin.busan.go.kr/dong/jeonggwan/main/main.jsp,,
221,부산광역시 ,공공,주민자치기관,일광면 주민센터,부산광역시 기장군 일광면 일광로 77-7,051-709-5214,https://jumin.busan.go.kr/dong/ilgwang/main/main.jsp,,
222,부산광역시 ,공공,주민자치기관,철마면 주민센터,부산광역시 기장군 정관읍 곰내길 22,051-709-5271,https://jumin.busan.go.kr/dong/cheolma/main/main.jsp,,
223,부산광역시 ,공공,국가 및 지자체,부산인재평생교육진흥원,부산광역시 동래구 차밭골로 38-1,051-580-9000,http://www.bitle.kr/index.bitle,,
224,부산광역시 ,,,,,,,,
225,부산광역시 ,,,,,,,,
226,부산광역시 ,,,,,,,,
227,부산광역시 ,,,,,,,,
228,부산광역시 ,,,,,,,,
229,부산광역시 ,,,,,,,,
230,부산광역시 ,,,,,,,,
231,부산광역시 ,,,,,,,,
232,부산광역시 ,,,,,,,,
233,부산광역시 ,,,,,,,,
234,부산광역시 ,,,,,,,,
235,부산광역시 ,,,,,,,,
236,부산광역시 ,,,,,,,,
237,부산광역시 ,,,,,,,,
238,부산광역시 ,,,,,,,,
239,부산광역시 ,,,,,,,,
240,부산광역시 ,,,,,,,,
241,부산광역시 ,,,,,,,,
242,부산광역시 ,,,,,,,,
243,부산광역시 ,,,,,,,,
244,부산광역시 ,,,,,,,,
245,부산광역시 ,,,,,,,,
246,부산광역시 ,,,,,,,,
247,부산광역시 ,,,,,,,,
248,부산광역시 ,,,,,,,,
249,부산광역시 ,,,,,,,,
250,부산광역시 ,,,,,,,,
251,부산광역시 ,,,,,,,,
252,부산광역시 ,,,,,,,,
253,부산광역시 ,,,,,,,,
254,부산광역시 ,,,,,,,,
255,부산광역시 ,,,,,,,,
256,부산광역시 ,,,,,,,,
257,부산광역시 ,,,,,,,,
258,부산광역시 ,,,,,,,,
259,부산광역시 ,,,,,,,,
260,부산광역시 ,,,,,,,,
261,부산광역시 ,,,,,,,,
262,부산광역시 ,,,,,,,,
263,부산광역시 ,,,,,,,,
264,부산광역시 ,,,,,,,,
265,부산광역시 ,,,,,,,,
266,부산광역시 ,,,,,,,,
267,부산광역시 ,,,,,,,,
268,부산광역시 ,,,,,,,,
269,부산광역시 ,,,,,,,,
270,부산광역시 ,,,,,,,,
271,부산광역시 ,,,,,,,,
272,부산광역시 ,,,,,,,,
273,부산광역시 ,,,,,,,,
274,부산광역시 ,,,,,,,,
275,부산광역시 ,,,,,,,,
276,부산광역시 ,,,,,,,,
277,부산광역시 ,,,,,,,,
278,부산광역시 ,,,,,,,,
279,부산광역시 ,,,,,,,,
280,부산광역시 ,,,,,,,,
281,부산광역시 ,,,,,,,,
282,부산광역시 ,,,,,,,,
283,부산광역시 ,,,,,,,,
284,부산광역시 ,,,,,,,,
285,부산광역시 ,,,,,,,,
286,부산광역시 ,,,,,,,,
287,부산광역시 ,,,,,,,,
288,부산광역시 ,,,,,,,,
289,부산광역시 ,,,,,,,,
290,부산광역시 ,,,,,,,,
291,부산광역시 ,,,,,,,,
292,부산광역시 ,,,,,,,,
293,부산광역시 ,,,,,,,,
294,부산광역시 ,,,,,,,,
295,부산광역시 ,,,,,,,,
296,부산광역시 ,,,,,,,,
297,부산광역시 ,,,,,,,,
298,부산광역시 ,,,,,,,,
299,부산광역시 ,,,,,,,,
300,부산광역시 ,,,,,,,,
301,부산광역시 ,,,,,,,,
302,부산광역시 ,,,,,,,,
303,부산광역시 ,,,,,,,,
304,부산광역시 ,,,,,,,,
305,부산광역시 ,,,,,,,,
306,부산광역시 ,,,,,,,,
307,부산광역시 ,,,,,,,,
308,부산광역시 ,,,,,,,,
309,부산광역시 ,,,,,,,,
310,부산광역시 ,,,,,,,,
311,부산광역시 ,,,,,,,,
312,부산광역시 ,,,,,,,,
313,부산광역시 ,,,,,,,,
314,부산광역시 ,,,,,,,,
315,부산광역시 ,,,,,,,,
316,부산광역시 ,,,,,,,,
317,부산광역시 ,,,,,,,,
318,부산광역시 ,,,,,,,,
319,부산광역시 ,,,,,,,,
320,부산광역시 ,,,,,,,,
321,부산광역시 ,,,,,,,,
322,부산광역시 ,,,,,,,,
323,부산광역시 ,,,,,,,,
324,부산광역시 ,,,,,,,,
325,부산광역시 ,,,,,,,,
326,부산광역시 ,,,,,,,,
327,부산광역시 ,,,,,,,,
328,부산광역시 ,,,,,,,,
329,부산광역시 ,,,,,,,,
330,부산광역시 ,,,,,,,,
331,부산광역시 ,,,,,,,,
332,부산광역시 ,,,,,,,,
333,부산광역시 ,,,,,,,,
334,부산광역시 ,,,,,,,,
335,부산광역시 ,,,,,,,,
336,부산광역시 ,,,,,,,,
337,부산광역시 ,,,,,,,,
338,부산광역시 ,,,,,,,,
339,부산광역시 ,,,,,,,,
340,부산광역시 ,,,,,,,,
341,부산광역시 ,,,,,,,,
342,부산광역시 ,,,,,,,,
343,부산광역시 ,,,,,,,,
344,부산광역시 ,,,,,,,,
345,부산광역시 ,,,,,,,,
346,부산광역시 ,,,,,,,,
347,부산광역시 ,,,,,,,,
348,부산광역시 ,,,,,,,,
349,부산광역시 ,,,,,,,,
350,부산광역시 ,,,,,,,,
351,부산광역시 ,,,,,,,,
352,부산광역시 ,,,,,,,,
353,부산광역시 ,,,,,,,,
354,부산광역시 ,,,,,,,,
355,부산광역시 ,,,,,,,,
356,부산광역시 ,,,,,,,,
357,부산광역시 ,,,,,,,,
358,부산광역시 ,,,,,,,,
359,부산광역시 ,,,,,,,,
360,부산광역시 ,,,,,,,,
361,부산광역시 ,,,,,,,,
362,부산광역시 ,,,,,,,,
363,부산광역시 ,,,,,,,,
364,부산광역시 ,,,,,,,,
365,부산광역시 ,,,,,,,,
366,부산광역시 ,,,,,,,,
367,부산광역시 ,,,,,,,,
368,부산광역시 ,,,,,,,,
369,부산광역시 ,,,,,,,,
370,부산광역시 ,,,,,,,,
371,부산광역시 ,,,,,,,,
372,부산광역시 ,,,,,,,,
373,부산광역시 ,,,,,,,,
374,부산광역시 ,,,,,,,,
375,부산광역시 ,,,,,,,,
376,부산광역시 ,,,,,,,,
377,부산광역시 ,,,,,,,,
378,부산광역시 ,,,,,,,,
379,부산광역시 ,,,,,,,,
380,부산광역시 ,,,,,,,,
381,부산광역시 ,,,,,,,,
382,부산광역시 ,,,,,,,,
383,부산광역시 ,,,,,,,,
384,부산광역시 ,,,,,,,,
385,부산광역시 ,,,,,,,,
386,부산광역시 ,,,,,,,,
387,부산광역시 ,,,,,,,,
388,부산광역시 ,,,,,,,,
389,부산광역시 ,,,,,,,,
390,부산광역시 ,,,,,,,,
391,부산광역시 ,,,,,,,,
392,부산광역시 ,,,,,,,,
393,부산광역시 ,,,,,,,,
394,부산광역시 ,,,,,,,,
395,부산광역시 ,,,,,,,,
396,부산광역시 ,,,,,,,,
397,부산광역시 ,,,,,,,,
398,부산광역시 ,,,,,,,,
399,부산광역시 ,,,,,,,,
400,부산광역시 ,,,,,,,,
401,부산광역시 ,,,,,,,,
402,부산광역시 ,,,,,,,,
403,부산광역시 ,,,,,,,,
404,부산광역시 ,,,,,,,,
405,부산광역시 ,,,,,,,,
406,부산광역시 ,,,,,,,,
407,부산광역시 ,,,,,,,,
408,부산광역시 ,,,,,,,,
409,부산광역시 ,,,,,,,,
410,부산광역시 ,,,,,,,,
411,부산광역시 ,,,,,,,,
412,부산광역시 ,,,,,,,,
413,부산광역시 ,,,,,,,,
414,부산광역시 ,,,,,,,,
415,부산광역시 ,,,,,,,,
416,부산광역시 ,,,,,,,,
417,부산광역시 ,,,,,,,,
418,부산광역시 ,,,,,,,,
419,부산광역시 ,,,,,,,,
420,부산광역시 ,,,,,,,,
421,부산광역시 ,,,,,,,,
422,부산광역시 ,,,,,,,,
423,부산광역시 ,,,,,,,,
424,부산광역시 ,,,,,,,,
425,부산광역시 ,,,,,,,,
426,부산광역시 ,,,,,,,,
427,부산광역시 ,,,,,,,,
428,부산광역시 ,,,,,,,,
429,부산광역시 ,,,,,,,,
430,부산광역시 ,,,,,,,,
431,부산광역시 ,,,,,,,,
432,부산광역시 ,,,,,,,,
433,부산광역시 ,,,,,,,,
434,부산광역시 ,,,,,,,,
435,부산광역시 ,,,,,,,,
436,부산광역시 ,,,,,,,,
437,부산광역시 ,,,,,,,,
438,부산광역시 ,,,,,,,,
439,부산광역시 ,,,,,,,,
440,부산광역시 ,,,,,,,,
441,부산광역시 ,,,,,,,,
442,부산광역시 ,,,,,,,,
443,부산광역시 ,,,,,,,,
444,부산광역시 ,,,,,,,,
445,부산광역시 ,,,,,,,,
446,부산광역시 ,,,,,,,,
447,부산광역시 ,,,,,,,,
448,부산광역시 ,,,,,,,,
449,부산광역시 ,,,,,,,,
450,부산광역시 ,,,,,,,,
451,부산광역시 ,,,,,,,,
452,부산광역시 ,,,,,,,,
453,부산광역시 ,,,,,,,,
454,부산광역시 ,,,,,,,,
455,부산광역시 ,,,,,,,,
456,부산광역시 ,,,,,,,,
457,부산광역시 ,,,,,,,,
458,부산광역시 ,,,,,,,,
459,부산광역시 ,,,,,,,,
460,부산광역시 ,,,,,,,,
461,부산광역시 ,,,,,,,,
462,부산광역시 ,,,,,,,,
463,부산광역시 ,,,,,,,,
464,부산광역시 ,,,,,,,,
465,부산광역시 ,,,,,,,,
466,부산광역시 ,,,,,,,,
467,부산광역시 ,,,,,,,,
468,부산광역시 ,,,,,,,,
469,부산광역시 ,,,,,,,,
470,부산광역시 ,,,,,,,,
471,부산광역시 ,,,,,,,,
472,부산광역시 ,,,,,,,,
473,부산광역시 ,,,,,,,,
474,부산광역시 ,,,,,,,,
475,부산광역시 ,,,,,,,,
476,부산광역시 ,,,,,,,,
477,부산광역시 ,,,,,,,,
478,부산광역시 ,,,,,,,,
479,부산광역시 ,,,,,,,,
480,부산광역시 ,,,,,,,,
481,부산광역시 ,,,,,,,,
482,부산광역시 ,,,,,,,,
483,부산광역시 ,,,,,,,,
484,부산광역시 ,,,,,,,,
485,부산광역시 ,,,,,,,,
486,부산광역시 ,,,,,,,,
487,부산광역시 ,,,,,,,,
488,부산광역시 ,,,,,,,,
489,부산광역시 ,,,,,,,,
490,부산광역시 ,,,,,,,,
491,부산광역시 ,,,,,,,,
492,부산광역시 ,,,,,,,,
493,부산광역시 ,,,,,,,,
494,부산광역시 ,,,,,,,,
495,부산광역시 ,,,,,,,,
496,부산광역시 ,,,,,,,,
497,부산광역시 ,,,,,,,,
498,부산광역시 ,,,,,,,,
499,부산광역시 ,,,,,,,,
500,부산광역시 ,,,,,,,,
501,부산광역시 ,,,,,,,,
502,부산광역시 ,,,,,,,,
503,부산광역시 ,,,,,,,,
504,부산광역시 ,,,,,,,,
505,부산광역시 ,,,,,,,,
506,부산광역시 ,,,,,,,,
507,부산광역시 ,,,,,,,,
508,부산광역시 ,,,,,,,,
509,부산광역시 ,,,,,,,,
510,부산광역시 ,,,,,,,,
511,부산광역시 ,,,,,,,,
512,부산광역시 ,,,,,,,,
513,부산광역시 ,,,,,,,,
514,부산광역시 ,,,,,,,,
515,부산광역시 ,,,,,,,,
516,부산광역시 ,,,,,,,,
517,부산광역시 ,,,,,,,,
518,부산광역시 ,,,,,,,,
519,부산광역시 ,,,,,,,,
520,부산광역시 ,,,,,,,,
521,부산광역시 ,,,,,,,,
522,부산광역시 ,,,,,,,,
523,부산광역시 ,,,,,,,,
524,부산광역시 ,,,,,,,,
525,부산광역시 ,,,,,,,,
526,부산광역시 ,,,,,,,,
527,부산광역시 ,,,,,,,,
528,부산광역시 ,,,,,,,,
529,부산광역시 ,,,,,,,,
530,부산광역시 ,,,,,,,,
531,부산광역시 ,,,,,,,,
532,부산광역시 ,,,,,,,,
533,부산광역시 ,,,,,,,,
534,부산광역시 ,,,,,,,,
535,부산광역시 ,,,,,,,,
536,부산광역시 ,,,,,,,,
537,부산광역시 ,,,,,,,,
538,부산광역시 ,,,,,,,,
539,부산광역시 ,,,,,,,,
540,부산광역시 ,,,,,,,,
541,부산광역시 ,,,,,,,,
542,부산광역시 ,,,,,,,,
543,부산광역시 ,,,,,,,,
544,부산광역시 ,,,,,,,,
545,부산광역시 ,,,,,,,,
546,부산광역시 ,,,,,,,,
547,부산광역시 ,,,,,,,,
548,부산광역시 ,,,,,,,,
549,부산광역시 ,,,,,,,,
550,부산광역시 ,,,,,,,,
551,부산광역시 ,,,,,,,,
552,부산광역시 ,,,,,,,,
553,부산광역시 ,,,,,,,,
554,부산광역시 ,,,,,,,,
555,부산광역시 ,,,,,,,,
556,부산광역시 ,,,,,,,,
557,부산광역시 ,,,,,,,,
558,부산광역시 ,,,,,,,,
559,부산광역시 ,,,,,,,,
560,부산광역시 ,,,,,,,,
561,부산광역시 ,,,,,,,,
562,부산광역시 ,,,,,,,,
563,부산광역시 ,,,,,,,,
564,부산광역시 ,,,,,,,,
565,부산광역시 ,,,,,,,,
566,부산광역시 ,,,,,,,,
567,부산광역시 ,,,,,,,,
568,부산광역시 ,,,,,,,,
569,부산광역시 ,,,,,,,,
570,부산광역시 ,,,,,,,,
571,부산광역시 ,,,,,,,,
572,부산광역시 ,,,,,,,,
573,부산광역시 ,,,,,,,,
574,부산광역시 ,,,,,,,,
575,부산광역시 ,,,,,,,,
576,부산광역시 ,,,,,,,,
577,부산광역시 ,,,,,,,,
578,부산광역시 ,,,,,,,,
579,부산광역시 ,,,,,,,,
580,부산광역시 ,,,,,,,,
581,부산광역시 ,,,,,,,,
582,부산광역시 ,,,,,,,,
583,부산광역시 ,,,,,,,,
584,부산광역시 ,,,,,,,,
585,부산광역시 ,,,,,,,,
586,부산광역시 ,,,,,,,,
587,부산광역시 ,,,,,,,,
588,부산광역시 ,,,,,,,,
589,부산광역시 ,,,,,,,,
590,부산광역시 ,,,,,,,,
591,부산광역시 ,,,,,,,,
592,부산광역시 ,,,,,,,,
593,부산광역시 ,,,,,,,,
594,부산광역시 ,,,,,,,,
595,부산광역시 ,,,,,,,,
596,부산광역시 ,,,,,,,,
597,부산광역시 ,,,,,,,,
598,부산광역시 ,,,,,,,,
599,부산광역시 ,,,,,,,,
600,부산광역시 ,,,,,,,,
601,부산광역시 ,,,,,,,,
602,부산광역시 ,,,,,,,,
603,부산광역시 ,,,,,,,,
604,부산광역시 ,,,,,,,,
605,부산광역시 ,,,,,,,,
606,부산광역시 ,,,,,,,,
607,부산광역시 ,,,,,,,,
608,부산광역시 ,,,,,,,,
609,부산광역시 ,,,,,,,,
610,부산광역시 ,,,,,,,,
611,부산광역시 ,,,,,,,,
612,부산광역시 ,,,,,,,,
613,부산광역시 ,,,,,,,,
614,부산광역시 ,,,,,,,,
615,부산광역시 ,,,,,,,,
616,부산광역시 ,,,,,,,,
617,부산광역시 ,,,,,,,,
618,부산광역시 ,,,,,,,,
619,부산광역시 ,,,,,,,,
620,부산광역시 ,,,,,,,,
621,부산광역시 ,,,,,,,,
622,부산광역시 ,,,,,,,,
623,부산광역시 ,,,,,,,,
624,부산광역시 ,,,,,,,,
625,부산광역시 ,,,,,,,,
626,부산광역시 ,,,,,,,,
627,부산광역시 ,,,,,,,,
628,부산광역시 ,,,,,,,,
629,부산광역시 ,,,,,,,,
630,부산광역시 ,,,,,,,,
631,부산광역시 ,,,,,,,,
632,부산광역시 ,,,,,,,,
633,부산광역시 ,,,,,,,,
634,부산광역시 ,,,,,,,,
635,부산광역시 ,,,,,,,,
636,부산광역시 ,,,,,,,,
637,부산광역시 ,,,,,,,,
638,부산광역시 ,,,,,,,,
639,부산광역시 ,,,,,,,,
640,부산광역시 ,,,,,,,,
641,부산광역시 ,,,,,,,,
642,부산광역시 ,,,,,,,,
643,부산광역시 ,,,,,,,,
644,부산광역시 ,,,,,,,,
645,부산광역시 ,,,,,,,,
646,부산광역시 ,,,,,,,,
647,부산광역시 ,,,,,,,,
648,부산광역시 ,,,,,,,,
649,부산광역시 ,,,,,,,,
650,부산광역시 ,,,,,,,,
651,부산광역시 ,,,,,,,,
652,부산광역시 ,,,,,,,,
653,부산광역시 ,,,,,,,,
654,부산광역시 ,,,,,,,,
655,부산광역시 ,,,,,,,,
656,부산광역시 ,,,,,,,,
657,부산광역시 ,,,,,,,,
658,부산광역시 ,,,,,,,,
659,부산광역시 ,,,,,,,,
660,부산광역시 ,,,,,,,,
661,부산광역시 ,,,,,,,,
662,부산광역시 ,,,,,,,,
663,부산광역시 ,,,,,,,,
664,부산광역시 ,,,,,,,,
665,부산광역시 ,,,,,,,,
666,부산광역시 ,,,,,,,,
667,부산광역시 ,,,,,,,,
668,부산광역시 ,,,,,,,,
669,부산광역시 ,,,,,,,,
670,부산광역시 ,,,,,,,,
671,부산광역시 ,,,,,,,,
672,부산광역시 ,,,,,,,,
673,부산광역시 ,,,,,,,,
674,부산광역시 ,,,,,,,,
675,부산광역시 ,,,,,,,,
676,부산광역시 ,,,,,,,,
677,부산광역시 ,,,,,,,,
678,부산광역시 ,,,,,,,,
679,부산광역시 ,,,,,,,,
680,부산광역시 ,,,,,,,,
681,부산광역시 ,,,,,,,,
682,부산광역시 ,,,,,,,,
683,부산광역시 ,,,,,,,,
684,부산광역시 ,,,,,,,,
685,부산광역시 ,,,,,,,,
686,부산광역시 ,,,,,,,,
687,부산광역시 ,,,,,,,,
688,부산광역시 ,,,,,,,,
689,부산광역시 ,,,,,,,,
690,부산광역시 ,,,,,,,,
691,부산광역시 ,,,,,,,,
692,부산광역시 ,,,,,,,,
693,부산광역시 ,,,,,,,,
694,부산광역시 ,,,,,,,,
695,부산광역시 ,,,,,,,,
696,부산광역시 ,,,,,,,,
697,부산광역시 ,,,,,,,,
698,부산광역시 ,,,,,,,,
699,부산광역시 ,,,,,,,,
700,부산광역시 ,,,,,,,,
701,부산광역시 ,,,,,,,,
702,부산광역시 ,,,,,,,,
703,부산광역시 ,,,,,,,,
704,부산광역시 ,,,,,,,,
705,부산광역시 ,,,,,,,,
706,부산광역시 ,,,,,,,,
707,부산광역시 ,,,,,,,,
708,부산광역시 ,,,,,,,,
709,부산광역시 ,,,,,,,,
710,부산광역시 ,,,,,,,,
711,부산광역시 ,,,,,,,,
712,부산광역시 ,,,,,,,,
713,부산광역시 ,,,,,,,,
714,부산광역시 ,,,,,,,,
715,부산광역시 ,,,,,,,,
716,부산광역시 ,,,,,,,,
717,부산광역시 ,,,,,,,,
718,부산광역시 ,,,,,,,,
719,부산광역시 ,,,,,,,,
720,부산광역시 ,,,,,,,,
721,부산광역시 ,,,,,,,,
722,부산광역시 ,,,,,,,,
723,부산광역시 ,,,,,,,,
724,부산광역시 ,,,,,,,,
725,부산광역시 ,,,,,,,,
726,부산광역시 ,,,,,,,,
727,부산광역시 ,,,,,,,,
728,부산광역시 ,,,,,,,,
729,부산광역시 ,,,,,,,,
730,부산광역시 ,,,,,,,,
731,부산광역시 ,,,,,,,,
732,부산광역시 ,,,,,,,,
733,부산광역시 ,,,,,,,,
734,부산광역시 ,,,,,,,,
735,부산광역시 ,,,,,,,,
736,부산광역시 ,,,,,,,,
737,부산광역시 ,,,,,,,,
738,부산광역시 ,,,,,,,,
739,부산광역시 ,,,,,,,,
740,부산광역시 ,,,,,,,,
741,부산광역시 ,,,,,,,,
742,부산광역시 ,,,,,,,,
743,부산광역시 ,,,,,,,,
744,부산광역시 ,,,,,,,,
745,부산광역시 ,,,,,,,,
746,부산광역시 ,,,,,,,,
747,부산광역시 ,,,,,,,,
748,부산광역시 ,,,,,,,,
749,부산광역시 ,,,,,,,,
750,부산광역시 ,,,,,,,,
751,부산광역시 ,,,,,,,,
752,부산광역시 ,,,,,,,,
753,부산광역시 ,,,,,,,,
754,부산광역시 ,,,,,,,,
755,부산광역시 ,,,,,,,,
756,부산광역시 ,,,,,,,,
757,부산광역시 ,,,,,,,,
758,부산광역시 ,,,,,,,,
759,부산광역시 ,,,,,,,,
760,부산광역시 ,,,,,,,,
761,부산광역시 ,,,,,,,,
762,부산광역시 ,,,,,,,,
763,부산광역시 ,,,,,,,,
764,부산광역시 ,,,,,,,,
765,부산광역시 ,,,,,,,,
766,부산광역시 ,,,,,,,,
767,부산광역시 ,,,,,,,,
768,부산광역시 ,,,,,,,,
769,부산광역시 ,,,,,,,,
770,부산광역시 ,,,,,,,,
771,부산광역시 ,,,,,,,,
772,부산광역시 ,,,,,,,,
773,부산광역시 ,,,,,,,,
774,부산광역시 ,,,,,,,,
775,부산광역시 ,,,,,,,,
776,부산광역시 ,,,,,,,,
777,부산광역시 ,,,,,,,,
778,부산광역시 ,,,,,,,,
779,부산광역시 ,,,,,,,,
780,부산광역시 ,,,,,,,,
781,부산광역시 ,,,,,,,,
782,부산광역시 ,,,,,,,,
783,부산광역시 ,,,,,,,,
784,부산광역시 ,,,,,,,,
785,부산광역시 ,,,,,,,,
786,부산광역시 ,,,,,,,,
787,부산광역시 ,,,,,,,,
788,부산광역시 ,,,,,,,,
789,부산광역시 ,,,,,,,,
790,부산광역시 ,,,,,,,,
791,부산광역시 ,,,,,,,,
792,부산광역시 ,,,,,,,,
793,부산광역시 ,,,,,,,,
794,부산광역시 ,,,,,,,,
795,부산광역시 ,,,,,,,,
796,부산광역시 ,,,,,,,,
797,부산광역시 ,,,,,,,,
798,부산광역시 ,,,,,,,,
799,부산광역시 ,,,,,,,,
800,부산광역시 ,,,,,,,,
801,부산광역시 ,,,,,,,,
802,부산광역시 ,,,,,,,,
803,부산광역시 ,,,,,,,,
804,부산광역시 ,,,,,,,,
805,부산광역시 ,,,,,,,,
806,부산광역시 ,,,,,,,,
807,부산광역시 ,,,,,,,,
808,부산광역시 ,,,,,,,,
809,부산광역시 ,,,,,,,,
810,부산광역시 ,,,,,,,,
811,부산광역시 ,,,,,,,,
812,부산광역시 ,,,,,,,,
813,부산광역시 ,,,,,,,,
814,부산광역시 ,,,,,,,,
815,부산광역시 ,,,,,,,,
816,부산광역시 ,,,,,,,,
817,부산광역시 ,,,,,,,,
818,부산광역시 ,,,,,,,,
819,부산광역시 ,,,,,,,,
820,부산광역시 ,,,,,,,,
821,부산광역시 ,,,,,,,,
822,부산광역시 ,,,,,,,,
823,부산광역시 ,,,,,,,,
824,부산광역시 ,,,,,,,,
825,부산광역시 ,,,,,,,,
826,부산광역시 ,,,,,,,,
827,부산광역시 ,,,,,,,,
828,부산광역시 ,,,,,,,,
829,부산광역시 ,,,,,,,,
830,부산광역시 ,,,,,,,,
831,부산광역시 ,,,,,,,,
832,부산광역시 ,,,,,,,,
833,부산광역시 ,,,,,,,,
834,부산광역시 ,,,,,,,,
835,부산광역시 ,,,,,,,,
836,부산광역시 ,,,,,,,,
837,부산광역시 ,,,,,,,,
838,부산광역시 ,,,,,,,,
839,부산광역시 ,,,,,,,,
840,부산광역시 ,,,,,,,,
841,부산광역시 ,,,,,,,,
842,부산광역시 ,,,,,,,,
843,부산광역시 ,,,,,,,,
844,부산광역시 ,,,,,,,,
845,부산광역시 ,,,,,,,,
846,부산광역시 ,,,,,,,,
847,부산광역시 ,,,,,,,,
848,부산광역시 ,,,,,,,,
849,부산광역시 ,,,,,,,,
850,부산광역시 ,,,,,,,,
851,부산광역시 ,,,,,,,,
852,부산광역시 ,,,,,,,,
853,부산광역시 ,,,,,,,,
854,부산광역시 ,,,,,,,,
855,부산광역시 ,,,,,,,,
856,부산광역시 ,,,,,,,,
857,부산광역시 ,,,,,,,,
858,부산광역시 ,,,,,,,,
859,부산광역시 ,,,,,,,,
860,부산광역시 ,,,,,,,,
861,부산광역시 ,,,,,,,,
862,부산광역시 ,,,,,,,,
863,부산광역시 ,,,,,,,,
864,부산광역시 ,,,,,,,,
865,부산광역시 ,,,,,,,,
866,부산광역시 ,,,,,,,,
867,부산광역시 ,,,,,,,,
868,부산광역시 ,,,,,,,,
869,부산광역시 ,,,,,,,,
870,부산광역시 ,,,,,,,,
871,부산광역시 ,,,,,,,,
872,부산광역시 ,,,,,,,,
873,부산광역시 ,,,,,,,,
874,부산광역시 ,,,,,,,,
875,부산광역시 ,,,,,,,,
876,부산광역시 ,,,,,,,,
877,부산광역시 ,,,,,,,,
878,부산광역시 ,,,,,,,,
879,부산광역시 ,,,,,,,,
880,부산광역시 ,,,,,,,,
881,부산광역시 ,,,,,,,,
882,부산광역시 ,,,,,,,,
883,부산광역시 ,,,,,,,,
884,부산광역시 ,,,,,,,,
885,부산광역시 ,,,,,,,,
886,부산광역시 ,,,,,,,,
887,부산광역시 ,,,,,,,,
888,부산광역시 ,,,,,,,,
889,부산광역시 ,,,,,,,,
890,부산광역시 ,,,,,,,,
891,부산광역시 ,,,,,,,,
892,부산광역시 ,,,,,,,,
893,부산광역시 ,,,,,,,,
894,부산광역시 ,,,,,,,,
895,부산광역시 ,,,,,,,,
896,부산광역시 ,,,,,,,,
897,부산광역시 ,,,,,,,,
898,부산광역시 ,,,,,,,,
899,부산광역시 ,,,,,,,,
900,부산광역시 ,,,,,,,,
901,부산광역시 ,,,,,,,,
902,부산광역시 ,,,,,,,,
903,부산광역시 ,,,,,,,,
904,부산광역시 ,,,,,,,,
905,부산광역시 ,,,,,,,,
906,부산광역시 ,,,,,,,,
907,부산광역시 ,,,,,,,,
908,부산광역시 ,,,,,,,,
909,부산광역시 ,,,,,,,,
910,부산광역시 ,,,,,,,,
911,부산광역시 ,,,,,,,,
912,부산광역시 ,,,,,,,,
913,부산광역시 ,,,,,,,,
914,부산광역시 ,,,,,,,,
915,부산광역시 ,,,,,,,,
916,부산광역시 ,,,,,,,,
917,부산광역시 ,,,,,,,,
918,부산광역시 ,,,,,,,,
919,부산광역시 ,,,,,,,,
920,부산광역시 ,,,,,,,,
921,부산광역시 ,,,,,,,,
922,부산광역시 ,,,,,,,,
923,부산광역시 ,,,,,,,,
924,부산광역시 ,,,,,,,,
925,부산광역시 ,,,,,,,,
926,부산광역시 ,,,,,,,,
927,부산광역시 ,,,,,,,,
928,부산광역시 ,,,,,,,,
929,부산광역시 ,,,,,,,,
930,부산광역시 ,,,,,,,,
931,부산광역시 ,,,,,,,,
932,부산광역시 ,,,,,,,,
933,부산광역시 ,,,,,,,,
934,부산광역시 ,,,,,,,,
935,부산광역시 ,,,,,,,,
936,부산광역시 ,,,,,,,,
937,부산광역시 ,,,,,,,,
938,부산광역시 ,,,,,,,,
939,부산광역시 ,,,,,,,,
940,부산광역시 ,,,,,,,,
941,부산광역시 ,,,,,,,,
942,부산광역시 ,,,,,,,,
943,부산광역시 ,,,,,,,,
944,부산광역시 ,,,,,,,,
945,부산광역시 ,,,,,,,,
946,부산광역시 ,,,,,,,,
947,부산광역시 ,,,,,,,,
948,부산광역시 ,,,,,,,,
949,부산광역시 ,,,,,,,,
950,부산광역시 ,,,,,,,,
951,부산광역시 ,,,,,,,,
952,부산광역시 ,,,,,,,,
953,부산광역시 ,,,,,,,,
954,부산광역시 ,,,,,,,,
955,부산광역시 ,,,,,,,,
956,부산광역시 ,,,,,,,,
957,부산광역시 ,,,,,,,,
958,부산광역시 ,,,,,,,,
959,부산광역시 ,,,,,,,,
960,부산광역시 ,,,,,,,,
961,부산광역시 ,,,,,,,,
962,부산광역시 ,,,,,,,,
963,부산광역시 ,,,,,,,,
964,부산광역시 ,,,,,,,,
965,부산광역시 ,,,,,,,,
966,부산광역시 ,,,,,,,,
967,부산광역시 ,,,,,,,,
968,부산광역시 ,,,,,,,,
969,부산광역시 ,,,,,,,,
970,부산광역시 ,,,,,,,,
971,부산광역시 ,,,,,,,,
972,부산광역시 ,,,,,,,,
973,부산광역시 ,,,,,,,,
974,부산광역시 ,,,,,,,,
975,부산광역시 ,,,,,,,,
976,부산광역시 ,,,,,,,,
977,부산광역시 ,,,,,,,,
978,부산광역시 ,,,,,,,,
979,부산광역시 ,,,,,,,,
980,부산광역시 ,,,,,,,,
981,부산광역시 ,,,,,,,,
982,부산광역시 ,,,,,,,,
983,부산광역시 ,,,,,,,,
984,부산광역시 ,,,,,,,,
985,부산광역시 ,,,,,,,,
986,부산광역시 ,,,,,,,,
987,부산광역시 ,,,,,,,,
988,부산광역시 ,,,,,,,,
989,부산광역시 ,,,,,,,,
990,부산광역시 ,,,,,,,,
991,부산광역시 ,,,,,,,,
992,부산광역시 ,,,,,,,,
993,부산광역시 ,,,,,,,,
994,부산광역시 ,,,,,,,,
995,부산광역시 ,,,,,,,,
996,부산광역시 ,,,,,,,,
997,부산광역시 ,,,,,,,,
998,부산광역시 ,,,,,,,,
999,부산광역시 ,,,,,,,,
1000,부산광역시 ,,,,,,,,
