번호,강좌지역,기관유형,기관분류,기관명,주소(도로명),대표전화,홈페이지,상태,비고
1,서울특별시 ,공공,국가 및 지자체,서울시청,서울특별시 중구 세종대로 110,02-120,http://www.seoul.go.kr/,,
2,서울특별시 ,공공,국가 및 지자체,종로구청,서울특별시 종로구 삼봉로 43,02-2148-1114,http://www.jongno.go.kr/,0,
3,서울특별시 ,공공,주민자치기관,청운효자동 주민센터,서울특별시 종로구 자하문로 92,02-2148-5003,http://www.jongno.go.kr/dongMain.do?dong=01,,물어보기
4,서울특별시 ,공공,주민자치기관,사직동 주민센터,서울특별시 종로구 사직로9길 1,02-2148-5033,http://www.jongno.go.kr/dongMain.do?dong=02,,
5,서울특별시 ,공공,주민자치기관,삼청동 주민센터,서울특별시 종로구 삼청로 107,02-2148-5063,http://www.jongno.go.kr/dongMain.do?dong=03,,
6,서울특별시 ,공공,주민자치기관,부암동 주민센터,서울특별시 종로구 창의문로 145,02-2148-5095,http://www.jongno.go.kr/dongMain.do?dong=04,,
7,서울특별시 ,공공,주민자치기관,평창동 주민센터,서울특별시 종로구 평창문화로 65,02-2148-5123,http://www.jongno.go.kr/dongMain.do?dong=05,,
8,서울특별시 ,공공,주민자치기관,무악동 주민센터,서울특별시 종로구 통일로14길 36,02-2148-5153,http://www.jongno.go.kr/dongMain.do?dong=06,,
9,서울특별시 ,공공,주민자치기관,교남동 주민센터,서울특별시 종로구 송월길 154,02-2148-5184,http://www.jongno.go.kr/dongMain.do?dong=07,,
10,서울특별시 ,공공,주민자치기관,가회동 주민센터,서울특별시 종로구 북촌로 35,02-2148-5212,http://www.jongno.go.kr/dongMain.do?dong=08,,
11,서울특별시 ,공공,주민자치기관,"종로1, 2, 3, 4가동 주민센터",서울특별시 종로구 삼일대로30길 47,02-2148-5243,http://www.jongno.go.kr/dongMain.do?dong=09,,
12,서울특별시 ,공공,주민자치기관,"종로5, 6가동 주민센터",서울특별시 종로구 종로35가길 19,02-2148-5273,http://www.jongno.go.kr/dongMain.do?dong=10,,
13,서울특별시 ,공공,주민자치기관,이화동 주민센터,서울특별시 종로구 이화장길 33,02-2148-5303,http://www.jongno.go.kr/dongMain.do?dong=11,,
14,서울특별시 ,공공,주민자치기관,혜화동 주민센터,서울특별시 종로구 혜화로 12,02-2148-5333,http://www.jongno.go.kr/dongMain.do?dong=12,,
15,서울특별시 ,공공,주민자치기관,창신1동 주민센터,서울특별시 종로구 지봉로 8-6,02-2148-5393,http://www.jongno.go.kr/dongMain.do?dong=14,,
16,서울특별시 ,공공,주민자치기관,창신2동 주민센터,서울특별시 종로구 창신길 62,02-2148-5423,http://www.jongno.go.kr/dongMain.do?dong=15,,
17,서울특별시 ,공공,주민자치기관,창신3동 주민센터,서울특별시 종로구 지봉로 87,02-2148-5453,http://www.jongno.go.kr/dongMain.do?dong=16,,
18,서울특별시 ,공공,주민자치기관,숭인1동 주민센터,서울특별시 종로구 지봉로 86,02-2148-5483,http://www.jongno.go.kr/dongMain.do?dong=17,,
19,서울특별시 ,공공,주민자치기관,숭인2동 주민센터,서울특별시 종로구 종로65길 10,02-2148-5512,http://www.jongno.go.kr/dongMain.do?dong=18,,
20,서울특별시 ,공공,국가 및 지자체,중구청,서울특별시 중구 창경궁로 17,02-3396-4114,http://www.junggu.seoul.kr/,0,
21,서울특별시 ,공공,주민자치기관,소공동 주민센터,서울특별시 중구 남대문로1길 31-5,02-3396-6500,http://www.junggu.seoul.kr/content.do?cmsid=1056,버림,버림
22,서울특별시 ,공공,주민자치기관,회현동 주민센터,서울특별시 중구 퇴계로8길 46,02-3396-6530,http://www.junggu.seoul.kr/content.do?cmsid=1442,버림,
23,서울특별시 ,공공,주민자치기관,명동 주민센터,서울특별시 중구 퇴계로20길 3,02-3396-6560,http://www.junggu.seoul.kr/content.do?cmsid=1432,버림,
24,서울특별시 ,공공,주민자치기관,필동 주민센터,서울특별시 중구 퇴계로36길 42,02-3396-6590,http://www.junggu.seoul.kr/content.do?cmsid=1440,버림,
25,서울특별시 ,공공,주민자치기관,장충동 주민센터,서울특별시 중구 장충단로8길 22,02-3396-6620,http://www.junggu.seoul.kr/content.do?cmsid=1437,버림,
26,서울특별시 ,공공,주민자치기관,광희동 주민센터,울특별시 중구 퇴계로 303-9,02-3396-6650,http://www.junggu.seoul.kr/content.do?cmsid=1428,버림,
27,서울특별시 ,공공,주민자치기관,을지로동 주민센터,서울특별시 중구 충무로9길 19,02-3396-6680,http://www.junggu.seoul.kr/content.do?cmsid=1436,버림,
28,서울특별시 ,공공,주민자치기관,신당동 주민센터,서울특별시 중구 다산로 211,02-3396-6710,http://www.junggu.seoul.kr/content.do?cmsid=1434,버림,
29,서울특별시 ,공공,주민자치기관,다산동 주민센터,서울특별시 중구 동호로15길 50,02-3396-6740,http://www.junggu.seoul.kr/content.do?cmsid=1429,버림,
30,서울특별시 ,공공,주민자치기관,약수동 주민센터,서울특별시 중구 다산로 92,02-3396-6770,http://www.junggu.seoul.kr/content.do?cmsid=1435,버림,
31,서울특별시 ,공공,주민자치기관,청구동 주민센터,서울특별시 중구 청구로3길 55,02-3396-6800,http://www.junggu.seoul.kr/content.do?cmsid=1439,버림,
32,서울특별시 ,공공,주민자치기관,신당5동 주민센터,서울특별시 중구 다산로44길 85,02-3396-6830,http://www.junggu.seoul.kr/content.do?cmsid=1433,버림,
33,서울특별시 ,공공,주민자치기관,동화동 주민센터,서울특별시 중구 다산로36길 100,02-3396-6860,http://www.junggu.seoul.kr/content.do?cmsid=1431,버림,
34,서울특별시 ,공공,주민자치기관,황학동 주민센터,서울특별시 중구 난계로11길 52,02-3396-6890,http://www.junggu.seoul.kr/content.do?cmsid=1441,버림,
35,서울특별시 ,공공,주민자치기관,중림동 주민센터,서울특별시 중구 만리동2가 37-2,02-3396-6920,http://www.junggu.seoul.kr/content.do?cmsid=1438,버림,
36,서울특별시 ,공공,국가 및 지자체,용산구청,서울특별시 용산구 녹사평대로 150,02-2199-6114,http://www.yongsan.go.kr/,0,주민자치회관통합프로그램
37,서울특별시 ,공공,주민자치기관,후암동 주민센터,서울특별시 용산구 후암로 32-6,02-2199-8400,http://www.yongsan.go.kr/site/dc/index13.jsp?sitecdv=S0000455,0,
38,서울특별시 ,공공,주민자치기관,용산2가동 주민센터,서울특별시 용산구 신흥로 90,02-2199-8420,http://www.yongsan.go.kr/site/dc/index14.jsp?sitecdv=S0000456,0,
39,서울특별시 ,공공,주민자치기관,남영동 주민센터,서울특별시 용산구 두텁바위로 25,02-2199-8440,http://www.yongsan.go.kr/site/dc/index12.jsp?sitecdv=S0000457,0,
40,서울특별시 ,공공,주민자치기관,청파동 주민센터,서울특별시 용산구 청파로49길 6,02-2199-8460,http://www.yongsan.go.kr/site/dc/index11.jsp?sitecdv=S0000458,0,
41,서울특별시 ,공공,주민자치기관,원효로1동 주민센터,서울특별시 용산구 백범로 350,02-2199-8480,http://www.yongsan.go.kr/site/dc/index11.jsp?sitecdv=S0000459,0,
42,서울특별시 ,공공,주민자치기관,원효로2동 주민센터,서울특별시 용산구 효창원로8길 3,02-2199-8500,http://www.yongsan.go.kr/site/dc/index11.jsp?sitecdv=S0000460,0,
43,서울특별시 ,공공,주민자치기관,효창동 주민센터,서울특별시 용산구 효창원로 161,02-2199-8520,http://www.yongsan.go.kr/site/dc/index11.jsp?sitecdv=S0000461,0,
44,서울특별시 ,공공,주민자치기관,용문동 주민센터,서울특별시 용산구 새창로12길 13,02-2199-8540,http://www.yongsan.go.kr/site/dc/index11.jsp?sitecdv=S0000462,0,
45,서울특별시 ,공공,주민자치기관,한강로동 주민센터,서울특별시 용산구 한강대로38길 28,02-2199-8560,http://www.yongsan.go.kr/site/dc/index11.jsp?sitecdv=S0000463,0,
46,서울특별시 ,공공,주민자치기관,이촌1동 주민센터,서울특별시 용산구 이촌로71길 24,02-2199-8580,http://www.yongsan.go.kr/site/dc/index11.jsp?sitecdv=S0000464,0,
47,서울특별시 ,공공,주민자치기관,이촌2동 주민센터,서울특별시 용산구 이촌로18길 20,02-2199-8600,http://www.yongsan.go.kr/site/dc/index11.jsp?sitecdv=S0000465,0,
48,서울특별시 ,공공,주민자치기관,이태원1동 주민센터,서울특별시 용산구 보광로 104-6,02-2199-8620,http://www.yongsan.go.kr/site/dc/index.jsp?sitecdv=S0000466,0,
49,서울특별시 ,공공,주민자치기관,이태원2동 주민센터,서울특별시 용산구 회나무로13길 58,02-2199-8640,http://www.yongsan.go.kr/site/dc/index11.jsp?sitecdv=S0000467,0,
50,서울특별시 ,공공,주민자치기관,한남동 주민센터,서울특별시 용산구 대사관로5길 1,02-2199-8660,http://www.yongsan.go.kr/site/dc/index14.jsp?sitecdv=S0000468,0,
51,서울특별시 ,공공,주민자치기관,서빙고동 주민센터,서울특별시 용산구 서빙고로 279,02-2199-8680,http://www.yongsan.go.kr/site/dc/index.jsp?sitecdv=S0000469,0,
52,서울특별시 ,공공,주민자치기관,보광동 주민센터,서울특별시 용산구 장문로 95,02-2199-8700,http://www.yongsan.go.kr/site/dc/index11.jsp?sitecdv=S0000470,0,
53,서울특별시 ,공공,국가 및 지자체,성동구청,서울특별시 성동구 고산자로 270,02-2286-5114,http://www.sd.go.kr/,0,주민자치회관통합프로그램
54,서울특별시 ,공공,주민자치기관,왕십리도선동 주민센터,서울특별시 성동구 마장로 141,02-2286-7201,http://www.sd.go.kr/wangsimnidoseon.do,0,
55,서울특별시 ,공공,주민자치기관,왕십리2동 주민센터,서울특별시 성동구 무학봉길 69,02-2286-7222,http://www.sd.go.kr/wangsimni2.do,0,
56,서울특별시 ,공공,주민자치기관,마장동 주민센터,서울특별시 성동구 마장로42길 11,02-2286-7241,http://www.sd.go.kr/majang.do,0,
57,서울특별시 ,공공,주민자치기관,사근동 주민센터,서울특별시 성동구 사근동길 37,02-2286-7262,http://www.sd.go.kr/sageun.do,0,
58,서울특별시 ,공공,주민자치기관,행당1동 주민센터,서울특별시 성동구 고산자로10길 18,02-2286-7281,http://www.sd.go.kr/haengdang1.do,0,
59,서울특별시 ,공공,주민자치기관,행당2동 주민센터,서울특별시 성동구 행당로9길 9,02-2286-7301,http://www.sd.go.kr/haengdang2.do,0,
60,서울특별시 ,공공,주민자치기관,응봉동 주민센터,서울특별시 성동구 독서당로 424,02-2286-7321,http://www.sd.go.kr/eungbong.do,0,
61,서울특별시 ,공공,주민자치기관,금호1가동 주민센터,서울특별시 성동구 행당로 15,02-2286-7341,http://www.sd.go.kr/geumho1ga.do,0,
62,서울특별시 ,공공,주민자치기관,"금호2,3가동 주민센터",서울특별시 성동구 무수막18길 1,02-2286-7361,http://www.sd.go.kr/geumho23ga.do,0,
63,서울특별시 ,공공,주민자치기관,금호4가동 주민센터,서울특별시 성동구 독서당로46길 26,02-2286-7381,http://www.sd.go.kr/geumho4ga.do,0,
64,서울특별시 ,공공,주민자치기관,옥수동 주민센터,서울특별시 성동구 독서당로 205-1,02-2286-7401,http://www.sd.go.kr/oksu.do,0,
65,서울특별시 ,공공,주민자치기관,성수1가1동 주민센터,서울특별시 성동구 뚝섬로3길 18,02-2286-7421,http://www.sd.go.kr/seongsu1ga1.do,0,
66,서울특별시 ,공공,주민자치기관,성수1가2동 주민센터,서울특별시 성동구 왕십리로5길 5-1,02-2286-7441,http://www.sd.go.kr/seongsu1ga2.do,0,
67,서울특별시 ,공공,주민자치기관,성수2가1동 주민센터,서울특별시 성동구 뚝섬로 385-19,02-2286-7461,http://www.sd.go.kr/seongsu2ga1.do,0,
68,서울특별시 ,공공,주민자치기관,성수2가3동 주민센터,서울특별시 성동구 광나루로2길 35,02-2286-7481,http://www.sd.go.kr/seongsu2ga3.do,0,
69,서울특별시 ,공공,주민자치기관,송정동 주민센터,서울특별시 성동구 동일로43길 13,02-2286-7501,http://www.sd.go.kr/songjeong.do,0,
70,서울특별시 ,공공,주민자치기관,용답동 주민센터,서울특별시 성동구 용답중앙23길 20,02-2286-7522,http://www.sd.go.kr/yongdap.do,0,
71,서울특별시 ,공공,국가 및 지자체,광진구청,서울특별시 광진구 자양로 117,02-450-1114,http://www.gwangjin.go.kr/,0,
72,서울특별시 ,공공,주민자치기관,중곡1동 주민센터,서울특별시 광진구 능동로43길 3-5,02-450-1501,http://www.gwangjin.go.kr/office/index.jsp?dongId=01,0,
73,서울특별시 ,공공,주민자치기관,중곡2동 주민센터,서울특별시 광진구 능동로 346,02-450-1502,http://www.gwangjin.go.kr/office/index.jsp?dongId=02,0,
74,서울특별시 ,공공,주민자치기관,중곡3동 주민센터,서울특별시 광진구 동일로76가길 28,02-450-1503,http://www.gwangjin.go.kr/office/index.jsp?dongId=03,0,
75,서울특별시 ,공공,주민자치기관,중곡4동 주민센터,서울특별시 광진구 긴고랑로 131,02-450-1504,http://www.gwangjin.go.kr/office/index.jsp?dongId=04,0,
76,서울특별시 ,공공,주민자치기관,능동 주민센터,서울특별시 광진구 천호대로112길 55,02-450-1505,http://www.gwangjin.go.kr/office/index.jsp?dongId=05,0,
77,서울특별시 ,공공,주민자치기관,구의1동 주민센터,서울특별시 광진구 광나루로36길 56,02-450-1506,http://www.gwangjin.go.kr/office/index.jsp?dongId=06,0,
78,서울특별시 ,공공,주민자치기관,구의2동 주민센터,서울특별시 광진구 천호대로136길 55,02-450-1507,http://www.gwangjin.go.kr/office/index.jsp?dongId=07,0,
79,서울특별시 ,공공,주민자치기관,구의3동 주민센터,서울특별시 광진구 강변역로 17,02-450-1508,http://www.gwangjin.go.kr/office/index.jsp?dongId=08,0,
80,서울특별시 ,공공,주민자치기관,광장동 주민센터,서울특별시 광진구 광장로 52,02-450-1509,http://www.gwangjin.go.kr/office/index.jsp?dongId=09,0,
81,서울특별시 ,공공,주민자치기관,자양1동 주민센터,서울특별시 광진구 자양로13길 37,02-450-1510,http://www.gwangjin.go.kr/office/index.jsp?dongId=10,0,
82,서울특별시 ,공공,주민자치기관,자양2동 주민센터,서울특별시 광진구 자양로3가길 26,02-450-1511,http://www.gwangjin.go.kr/office/index.jsp?dongId=11,0,
83,서울특별시 ,공공,주민자치기관,자양3동 주민센터,서울특별시 광진구 뚝섬로 568,02-450-1512,http://www.gwangjin.go.kr/office/index.jsp?dongId=12,0,
84,서울특별시 ,공공,주민자치기관,자양4동 주민센터,서울특별시 광진구 뚝섬로26길 58,02-450-1513,http://www.gwangjin.go.kr/office/index.jsp?dongId=17,0,
85,서울특별시 ,공공,주민자치기관,화양동 주민센터,서울특별시 광진구 능동로17길 39,02-450-1515,http://www.gwangjin.go.kr/office/index.jsp?dongId=15,0,
86,서울특별시 ,공공,주민자치기관,군자동 주민센터,서울특별시 광진구 군자로 151,02-450-1516,http://www.gwangjin.go.kr/office/index.jsp?dongId=16,0,
87,서울특별시 ,공공,국가 및 지자체,동대문구청,서울특별시 동대문구 천호대로 145,02-2127-5000,http://www.ddm.go.kr/,0,
88,서울특별시 ,공공,주민자치기관,용신동 주민센터,서울특별시 동대문구 천호대로27길 35,02-2171-6022,http://dong.ddm.go.kr/dongSelectGate?dongname=ys,0,주민자치회관통합프로그램
89,서울특별시 ,공공,주민자치기관,제기동 주민센터,서울특별시 동대문구 약령시로 71,02-2171-6065,http://dong.ddm.go.kr/dongSelectGate?dongname=jk,0,
90,서울특별시 ,공공,주민자치기관,전농1동 주민센터,서울특별시 동대문구 서울시립대로9길 21,02-2171-6102,http://dong.ddm.go.kr/dongSelectGate?dongname=jn1,0,
91,서울특별시 ,공공,주민자치기관,전농2동 주민센터,서울특별시 동대문구 사가정로 137,02-2171-6143,http://dong.ddm.go.kr/dongSelectGate?dongname=jn2,0,
92,서울특별시 ,공공,주민자치기관,답십리1동 주민센터,서울특별시 동대문구 사가정로 30,02-2171-6222,http://dong.ddm.go.kr/dongSelectGate?dongname=dsl1,0,
93,서울특별시 ,공공,주민자치기관,답십리2동 주민센터,서울특별시 동대문구 한천로11길 18,02-2171-6243,http://dong.ddm.go.kr/dongSelectGate?dongname=dsl2,0,
94,서울특별시 ,공공,주민자치기관,장안1동 주민센터,서울특별시 동대문구 한천로18길 52,02-2171-6282,http://dong.ddm.go.kr/dongSelectGate?dongname=ja1,0,
95,서울특별시 ,공공,주민자치기관,장안2동 주민센터,서울특별시 동대문구 사가정로 230-1,02-2171-6342,http://dong.ddm.go.kr/dongSelectGate?dongname=ja2,0,
96,서울특별시 ,공공,주민자치기관,청량리동 주민센터,서울특별시 동대문구 왕산로43다길 5,02-2171-6366,http://dong.ddm.go.kr/dongSelectGate?dongname=c기,0,
97,서울특별시 ,공공,주민자치기관,회기동 주민센터,서울특별시 동대문구 회기로25길 12-1,02-2171-6402,http://dong.ddm.go.kr/dongSelectGate?dongname=hg,0,
98,서울특별시 ,공공,주민자치기관,휘경1동 주민센터,서울특별시 동대문구 외대역동로6길 3,02-2171-6422,http://dong.ddm.go.kr/dongSelectGate?dongname=hk1,0,
99,서울특별시 ,공공,주민자치기관,휘경2동 주민센터,서울특별시 동대문구 휘경2동 56-6,02-2171-6443,http://dong.ddm.go.kr/dongSelectGate?dongname=hk2,0,
100,서울특별시 ,공공,주민자치기관,이문1동 주민센터,서울특별시 동대문구 외대역동로 114-1,02-2171-6462,http://dong.ddm.go.kr/dongSelectGate?dongname=im1,0,
101,서울특별시 ,공공,주민자치기관,이문2동 주민센터,서울특별시 동대문구 신이문로 27-5,02-2171-6502,http://dong.ddm.go.kr/dongSelectGate?dongname=im2,0,
102,서울특별시 ,공공,국가 및 지자체,중랑구청,서울특별시 중랑구 봉화산로 179,02-2094-0114,http://www.jungnang.go.kr/,0,
103,서울특별시 ,공공,주민자치기관,면목본동 주민센터,서울특별시 중랑구 면목로 397,02-2094-6000,http://dong.jungnang.seoul.kr/dong/main.do?dong=01,0,
104,서울특별시 ,공공,주민자치기관,면목2동 주민센터,서울특별시 중랑구 동일로101길 20-15,02-2094-6040,http://dong.jungnang.seoul.kr/dong/main.do?dong=02,0,주민자치회관통합프로그램
105,서울특별시 ,공공,주민자치기관,"면목3, 8동 주민센터",서울특별시 중랑구 사가정로51길 48,02-2094-6080,http://dong.jungnang.seoul.kr/dong/main.do?dong=03,0,
106,서울특별시 ,공공,주민자치기관,면목4동 주민센터,서울특별시 중랑구 면목로 246,02-2094-6120,http://dong.jungnang.go.kr/dong/main.do?dong=04,0,
107,서울특별시 ,공공,주민자치기관,면목5동 주민센터,서울특별시 중랑구 동일로 619,02-2094-6160,http://dong.jungnang.seoul.kr/dong/main.do?dong=05,0,
108,서울특별시 ,공공,주민자치기관,면목7동 주민센터,서울특별시 중랑구 면목로 298,02-2094-6200,http://dong.jungnang.seoul.kr/dong/main.do?dong=06,0,
109,서울특별시 ,공공,주민자치기관,상봉1동 주민센터,서울특별시 중랑구 상봉중앙로1길 6,02-2094-6240,http://dong.jungnang.seoul.kr/dong/main.do?dong=07,0,
110,서울특별시 ,공공,주민자치기관,상봉2동 주민센터,서울특별시 중랑구 봉우재로 93-5,02-2094-6280,http://dong.jungnang.seoul.kr/dong/main.do?dong=08,0,
111,서울특별시 ,공공,주민자치기관,중화1동 주민센터,서울특별시 중랑구 동일로134길 17,02-2094-6320,http://www.jungnang.seoul.kr/dong/jung01/,0,
112,서울특별시 ,공공,주민자치기관,중화2동 주민센터,서울특별시 중랑구 봉화산로3길 28,02-2094-6360,http://www.jungnang.seoul.kr/dong/jung02/,0,
113,서울특별시 ,공공,주민자치기관,묵1동 주민센터,서울특별시 중랑구 공릉로2가길 5,02-2094-6400,http://dong.jungnang.seoul.kr/dong/main.do?dong=11,0,
114,서울특별시 ,공공,주민자치기관,묵2동 주민센터,서울특별시 중랑구 동일로157길 29,02-2094-6440,http://dong.jungnang.seoul.kr/dong/main.do?dong=12,0,
115,서울특별시 ,공공,주민자치기관,망우본동 주민센터,서울특별시 중랑구 망우로67길 10,02-2094-6480,http://dong.jungnang.go.kr/dong/main.do?dong=13,0,
116,서울특별시 ,공공,주민자치기관,망우3동 주민센터,서울특별시 중랑구 용마산로 461,02-2094-6520,http://dong.jungnang.go.kr/dong/main.do?dong=14,0,
117,서울특별시 ,공공,주민자치기관,신내1동 주민센터,서울특별시 중랑구 용마산로129나길 35,02-2094-6560,http://dong.jungnang.seoul.kr/dong/main.do?dong=15,0,
118,서울특별시 ,공공,주민자치기관,신내2동 주민센터,서울특별시 중랑구 봉화산로 190,02-2094-6600,http://dong.jungnang.seoul.kr/dong/main.do?dong=16,0,
119,서울특별시 ,공공,국가 및 지자체,성북구청,서울특별시 성북구 보문로 168,02-2241-3114,http://www.seongbuk.go.kr/,잘못된접근,버려야됨
120,서울특별시 ,공공,주민자치기관,성북동 주민센터,서울특별시 성북구 성북로 37,02-2241-5000,http://www.seongbuk.go.kr/dongoffice/dongoffice/dongintro/seongbukdong/origin/origin.jsp,첨부파일,
121,서울특별시 ,공공,주민자치기관,삼선동 주민센터,서울특별시 성북구 보문로 190,02-2241-5040,http://www.seongbuk.go.kr/dongoffice/dongoffice/dongintro/samseondong/origin/origin.jsp,첨부파일,
122,서울특별시 ,공공,주민자치기관,동선동 주민센터,서울특별시 성북구 동소문로26길 27,02-2241-5080,http://www.seongbuk.go.kr/dongoffice/dongoffice/dongintro/dongsundong/origin/origin.jsp,첨부파일,
123,서울특별시 ,공공,주민자치기관,돈암1동 주민센터,서울특별시 성북구 정릉로 394,02-2241-5120,http://www.seongbuk.go.kr/dongoffice/dongoffice/dongintro/donam1dong/origin/origin.jsp,첨부파일,
124,서울특별시 ,공공,주민자치기관,돈암2동 주민센터,서울특별시 성북구 흥천사길 7,02-2241-5160,http://www.seongbuk.go.kr/dongoffice/dongoffice/dongintro/donam2dong/origin/origin.jsp,첨부파일,
125,서울특별시 ,공공,주민자치기관,안암동 주민센터,서울특별시 성북구 인촌로 16,02-2241-5200,http://www.seongbuk.go.kr/dongoffice/dongoffice/dongintro/anamdong/origin/origin.jsp,첨부파일,
126,서울특별시 ,공공,주민자치기관,보문동 주민센터,서울특별시 성북구 안암로3길 35,02-2241-5240,http://www.seongbuk.go.kr/dongoffice/dongoffice/dongintro/bomundong/origin/origin.jsp,첨부파일,
127,서울특별시 ,공공,주민자치기관,정릉1동 주민센터,서울특별시 성북구 정릉로38마길 33,02-2241-5280,http://www.seongbuk.go.kr/dongoffice/dongoffice/dongintro/jeongreung1dong/origin/origin.jsp,첨부파일,
128,서울특별시 ,공공,주민자치기관,정릉2동 주민센터,서울특별시 성북구 정릉로26길 1,02-2241-5320,http://www.seongbuk.go.kr/dongoffice/dongoffice/dongintro/jeongreung2dong/origin/origin.jsp,첨부파일,
129,서울특별시 ,공공,주민자치기관,정릉3동 주민센터,서울특별시 성북구 솔샘로1길 6-3,02-2241-5360,http://www.seongbuk.go.kr/dongoffice/dongoffice/dongintro/jeongreung3dong/origin/origin.jsp,첨부파일,
130,서울특별시 ,공공,주민자치기관,정릉4동 주민센터,서울특별시 성북구 보국문로 106-1,02-2241-5400,http://www.seongbuk.go.kr/dongoffice/dongoffice/dongintro/jeongreung4dong/origin/origin.jsp,첨부파일,
131,서울특별시 ,공공,주민자치기관,길음1동 주민센터,서울특별시 성북구 길음로 92,02-2241-5440,http://www.seongbuk.go.kr/dongoffice/dongoffice/dongintro/gireum1dong/origin/origin.jsp,첨부파일,
132,서울특별시 ,공공,주민자치기관,길음2동 주민센터,서울특별시 성북구 삼양로2길 70,02-2241-5480,http://www.seongbuk.go.kr/dongoffice/dongoffice/dongintro/gireum2dong/origin/origin.jsp,첨부파일,
133,서울특별시 ,공공,주민자치기관,종암동 주민센터,서울특별시 성북구 종암로 98-8,02-2241-5520,http://www.seongbuk.go.kr/dongoffice/dongoffice/dongintro/jongamdong/visitway/visitway.jsp,첨부파일,
134,서울특별시 ,공공,주민자치기관,월곡1동 주민센터,서울특별시 성북구 오패산로 96,02-2241-5560,http://www.seongbuk.go.kr/dongoffice/dongoffice/dongintro/wolgok1dong/origin/origin.jsp,첨부파일,
135,서울특별시 ,공공,주민자치기관,월곡2동 주민센터,서울특별시 성북구 화랑로 152,02-2241-5600,http://www.seongbuk.go.kr/dongoffice/dongoffice/dongintro/wolgok2dong/origin/origin.jsp,첨부파일,
136,서울특별시 ,공공,주민자치기관,장위1동 주민센터,서울특별시 성북구 장위로 61,02-2241-5640,http://www.seongbuk.go.kr/dongoffice/dongoffice/dongintro/jangwi1dong/origin/origin.jsp,첨부파일,
137,서울특별시 ,공공,주민자치기관,장위2동 주민센터,서울특별시 성북구 돌곶이로27길 12,02-2241-5680,http://www.seongbuk.go.kr/dongoffice/dongoffice/dongintro/jangwi2dong/origin/origin.jsp,첨부파일,
138,서울특별시 ,공공,주민자치기관,장위3동 주민센터,서울특별시 성북구 한천로 657,02-2241-5720,http://www.seongbuk.go.kr/dongoffice/dongoffice/dongintro/jangwi3dong/origin/origin.jsp,첨부파일,
139,서울특별시 ,공공,주민자치기관,석관동 주민센터,서울특별시 성북구 화랑로 296,02-2241-5760,http://www.seongbuk.go.kr/dongoffice/dongoffice/dongintro/seokgwandong/origin/origin.jsp,첨부파일,
140,서울특별시 ,공공,국가 및 지자체,강북구청,서울특별시 강북구 도봉로89길 13,02-901-6114,http://www.gangbuk.go.kr/,0,
141,서울특별시 ,공공,주민자치기관,삼양동 주민센터,서울특별시 강북구 삼양로 268,02-3778-4002,http://www.gangbuk.go.kr/samyang/index.do,자료없음,
142,서울특별시 ,공공,주민자치기관,미아동 주민센터,서울특별시 강북구 솔매로49길 14,02-3778-4052,http://www.gangbuk.go.kr/mia/index.do,0,
143,서울특별시 ,공공,주민자치기관,송중동 주민센터,서울특별시 강북구 오패산로 162,02-3778-4102,http://www.gangbuk.go.kr/songjung/index.do,0,
144,서울특별시 ,공공,주민자치기관,송천동 주민센터,서울특별시 강북구 솔샘로 284,02-3778-4152,http://www.gangbuk.go.kr/songcheon/index.do,자료없음,
145,서울특별시 ,공공,주민자치기관,삼각산동 주민센터,서울특별시 강북구 삼양로19길 34,02-3778-4202,http://www.gangbuk.go.kr/samgaksan/index.do,0,
146,서울특별시 ,공공,주민자치기관,번1동 주민센터,서울특별시 강북구 한천로 996,02-3778-4252,http://www.gangbuk.go.kr/beon1/index.do,0,
147,서울특별시 ,공공,주민자치기관,번2동 주민센터,서울특별시 강북구 한천로 897,02-3778-4302,http://www.gangbuk.go.kr/beon2/index.do,자료없음,
148,서울특별시 ,공공,주민자치기관,번3동 주민센터,서울특별시 강북구 한천로105길 21,02-3778-4352,http://www.gangbuk.go.kr/beon3/index.do,0,
149,서울특별시 ,공공,주민자치기관,수유1동 주민센터,서울특별시 강북구 삼양로 299,02-3778-4452,http://www.gangbuk.go.kr/suyu1/index.do,0,
150,서울특별시 ,공공,주민자치기관,수유2동 주민센터,서울특별시 강북구 한천로 1117,02-3778-4702,http://www.gangbuk.go.kr/suyu2/index.do,0,
151,서울특별시 ,공공,주민자치기관,수유3동 주민센터,서울특별시 강북구 노해로 36,02-3778-4752,http://www.gangbuk.go.kr/suyu3/index.do,0,
152,서울특별시 ,공공,주민자치기관,우이동 주민센터,서울특별시 강북구 삼양로139길 49,02-3778-4902,http://www.gangbuk.go.kr/ui/index.do,0,
153,서울특별시 ,공공,주민자치기관,인수동 주민센터,서울특별시 강북구 인수봉로 255,02-3778-4952,http://www.gangbuk.go.kr/insu/index.do,0,
154,서울특별시 ,공공,국가 및 지자체,도봉구청,서울특별시 도봉구 마들로 656,02-2091-2120,http://www.dobong.go.kr/,0,
155,서울특별시 ,공공,주민자치기관,쌍문1동 주민센터,서울특별시 도봉구 노해로 147,02-2091-5111,http://dong.dobong.go.kr/ssangmun1/,0,
156,서울특별시 ,공공,주민자치기관,쌍문2동 주민센터,서울특별시 도봉구 방학로3길 117,02-2091-5112,http://dong.dobong.go.kr/ssangmun2/,0,
157,서울특별시 ,공공,주민자치기관,쌍문3동 주민센터,서울특별시 도봉구 노해로44길 9,02-2091-5113,http://dong.dobong.go.kr/ssangmun3/,0,
158,서울특별시 ,공공,주민자치기관,쌍문4동 주민센터,서울특별시 도봉구 시루봉로 62-7,02-2091-5114,http://dong.dobong.go.kr/ssangmun4/,0,
159,서울특별시 ,공공,주민자치기관,방학1동 주민센터,서울특별시 도봉구 방학로2길 27,02-2091-5115,http://dong.dobong.go.kr/panghak1/,0,
160,서울특별시 ,공공,주민자치기관,방학2동 주민센터,서울특별시 도봉구 시루봉로 226,02-2091-5116,http://dong.dobong.go.kr/panghak2/,0,
161,서울특별시 ,공공,주민자치기관,방학3동 주민센터,서울특별시 도봉구 시루봉로 94,02-2091-5117,http://dong.dobong.go.kr/panghak3/,0,
162,서울특별시 ,공공,주민자치기관,창1동 주민센터,서울특별시 도봉구 해등로 46,02-2091-5118,http://dong.dobong.go.kr/changdong1/,0,
163,서울특별시 ,공공,주민자치기관,창2동 주민센터,서울특별시 도봉구 덕릉로59길 73-3,02-2091-5119,http://dong.dobong.go.kr/changdong2/,0,
164,서울특별시 ,공공,주민자치기관,창3동 주민센터,서울특별시 도봉구 덕릉로62길 89,02-2091-5120,http://dong.dobong.go.kr/changdong3/,0,
165,서울특별시 ,공공,주민자치기관,창4동 주민센터,서울특별시 도봉구 노해로69길 26,02-2091-5121,http://dong.dobong.go.kr/changdong4/,0,
166,서울특별시 ,공공,주민자치기관,창5동 주민센터,서울특별시 도봉구 도봉로136나길 20,02-2091-5122,http://dong.dobong.go.kr/changdong5/,0,
167,서울특별시 ,공공,주민자치기관,도봉1동 주민센터,서울특별시 도봉구 도봉로169나길 22,02-2091-5123,http://dong.dobong.go.kr/dobong1/,0,
168,서울특별시 ,공공,주민자치기관,도봉2동 주민센터,서울특별시 도봉구 마들로 668,02-2091-5124,http://dong.dobong.go.kr/dobong2/,0,
169,서울특별시 ,공공,국가 및 지자체,노원구청,서울특별시 노원구 노해로 437,02-2116-3114,http://www.nowon.kr/,0,
170,서울특별시 ,공공,주민자치기관,월계1동 주민센터,서울특별시 노원구 석계로 59,02-2116-2414,http://www.nowon.kr/dong/index.jsp?dong=1047,0,주민자치회관통합프로그램
171,서울특별시 ,공공,주민자치기관,월계2동 주민센터,서울특별시 노원구 초안산로5길 28,02-2116-2439,http://www.nowon.kr/dong/index.jsp?dong=1048,0,
172,서울특별시 ,공공,주민자치기관,월계3동 주민센터,서울특별시 노원구 마들로 57,02-2116-2469,http://www.nowon.kr/dong/index.jsp?dong=1049,0,
173,서울특별시 ,공공,주민자치기관,공릉1동 주민센터,서울특별시 노원구 동일로186길 3-24,02-2116-2500,http://www.nowon.kr/dong/index.jsp?dong=1051,0,
174,서울특별시 ,공공,주민자치기관,공릉2동 주민센터,서울특별시 노원구 노원로1길 68,02-2116-2529,http://www.nowon.kr/dong/index.jsp?dong=1052,0,
175,서울특별시 ,공공,주민자치기관,하계1동 주민센터,서울특별시 노원구 노원로 261,02-2116-2570,http://www.nowon.kr/dong/index.jsp?dong=1053,0,
176,서울특별시 ,공공,주민자치기관,하계2동 주민센터,서울특별시 노원구 공릉로55길 88,02-2116-2593,http://www.nowon.kr/dong/index.jsp?dong=1054,0,
177,서울특별시 ,공공,주민자치기관,중계본동 주민센터,서울특별시 노원구 중계로 143,02-2116-2635,http://www.nowon.kr/dong/index.jsp?dong=1055,0,
178,서울특별시 ,공공,주민자치기관,"중계2, 3동 주민센터",서울특별시 노원구 노원로17길 56,02-2116-2675,http://www.nowon.kr/dong/index.jsp?dong=1057,0,
179,서울특별시 ,공공,주민자치기관,중계4동 주민센터,서울특별시 노원구 덕릉로82길 50,02-2116-2713,http://www.nowon.kr/dong/index.jsp?dong=1059,0,
180,서울특별시 ,공공,주민자치기관,상계1동 주민센터,서울특별시 노원구 동일로 1697,02-2116-2741,http://www.nowon.kr/dong/index.jsp?dong=1060,0,
181,서울특별시 ,공공,주민자치기관,상계2동 주민센터,서울특별시 노원구 상계로 118,02-2116-2774,http://www.nowon.kr/dong/index.jsp?dong=1061,0,
182,서울특별시 ,공공,주민자치기관,"상계3, 4동 주민센터",서울특별시 노원구 덕릉로 859,02-2116-2806,http://www.nowon.kr/dong/index.jsp?dong=1062,0,
183,서울특별시 ,공공,주민자치기관,상계5동 주민센터,서울특별시 노원구 한글비석로 434,02-2116-2832,http://www.nowon.kr/dong/index.jsp?dong=1063,0,
184,서울특별시 ,공공,주민자치기관,"상계6, 7동 주민센터",서울특별시 노원구 노원로 429,02-2116-2861,http://www.nowon.kr/dong/index.jsp?dong=1064,0,
185,서울특별시 ,공공,주민자치기관,상계8동 주민센터,서울특별시 노원구 동일로227길 97,02-2116-2894,http://www.nowon.kr/dong/index.jsp?dong=1065,0,
186,서울특별시 ,공공,주민자치기관,상계9동 주민센터,서울특별시 노원구 한글비석로 487,02-2116-2926,http://www.nowon.kr/dong/index.jsp?dong=1066,0,
187,서울특별시 ,공공,주민자치기관,상계10동 주민센터,서울특별시 노원구 노원로 530,02-2116-2955,http://www.nowon.kr/dong/index.jsp?dong=1067,0,
188,서울특별시 ,공공,국가 및 지자체,은평구청,서울특별시 은평구 은평로 195,02-351-6114,http://www.ep.go.kr/,0,
189,서울특별시 ,공공,주민자치기관,녹번동 주민센터,서울특별시 은평구 은평로 195,02-351-5002,https://www.ep.go.kr/CmsWeb/viewPage.req?idx=PG0000003563&page=11&dong=601,0,주민자치회관통합프로그램
190,서울특별시 ,공공,주민자치기관,불광1동 주민센터,서울특별시 은평구 진흥로15길 10,02-351-5032,https://www.ep.go.kr/CmsWeb/viewPage.req?idx=PG0000003563&page=11&dong=602,0,
191,서울특별시 ,공공,주민자치기관,불광2동 주민센터,서울특별시 은평구 연서로41길 16,02-351-5062,https://www.ep.go.kr/CmsWeb/viewPage.req?idx=PG0000003563&page=11&dong=603,0,
192,서울특별시 ,공공,주민자치기관,갈현1동 주민센터,서울특별시 은평구 갈현로 301,02-351-5092,https://www.ep.go.kr/CmsWeb/viewPage.req?idx=PG0000003563&page=11&dong=605,0,
193,서울특별시 ,공공,주민자치기관,갈현2동 주민센터,서울특별시 은평구 연서로27길 31-6,02-351-5122,https://www.ep.go.kr/CmsWeb/viewPage.req?idx=PG0000003563&page=11&dong=606,0,
194,서울특별시 ,공공,주민자치기관,구산동 주민센터,서울특별시 은평구 갈현로17길 10,02-351-5152,https://www.ep.go.kr/CmsWeb/viewPage.req?idx=PG0000003563&page=11&dong=607,0,
195,서울특별시 ,공공,주민자치기관,대조동 주민센터,서울특별시 은평구 연서로20길 24-3,02-351-5182,https://www.ep.go.kr/CmsWeb/viewPage.req?idx=PG0000003563&page=11&dong=608,0,
196,서울특별시 ,공공,주민자치기관,응암1동 주민센터,서울특별시 은평구 백련산로 179,02-351-5212,https://www.ep.go.kr/CmsWeb/viewPage.req?idx=PG0000003563&page=11&dong=609,0,
197,서울특별시 ,공공,주민자치기관,응암2동 주민센터,서울특별시 은평구 백련산로 100,02-351-5242,https://www.ep.go.kr/CmsWeb/viewPage.req?idx=PG0000003563&page=11&dong=610,0,
198,서울특별시 ,공공,주민자치기관,응암3동 주민센터,서울특별시 은평구 불광천길 410-17,02-351-5272,https://www.ep.go.kr/CmsWeb/viewPage.req?idx=PG0000003563&page=11&dong=611,0,
199,서울특별시 ,공공,주민자치기관,역촌동 주민센터,서울특별시 은평구 연서로 59,02-351-5302,https://www.ep.go.kr/CmsWeb/viewPage.req?idx=PG0000003563&page=11&dong=623,0,
200,서울특별시 ,공공,주민자치기관,신사1동 주민센터,서울특별시 은평구 은평로2길 2,02-351-5332,https://www.ep.go.kr/CmsWeb/viewPage.req?idx=PG0000003563&page=11&dong=615,0,
201,서울특별시 ,공공,주민자치기관,신사2동 주민센터,서울특별시 은평구 증산로15길 47,02-351-5362,https://www.ep.go.kr/CmsWeb/viewPage.req?idx=PG0000003563&page=11&dong=616,0,
202,서울특별시 ,공공,주민자치기관,증산동 주민센터,서울특별시 은평구 증산서길 89,02-351-5392,https://www.ep.go.kr/CmsWeb/viewPage.req?idx=PG0000003563&page=11&dong=617,0,
203,서울특별시 ,공공,주민자치기관,수색동 주민센터,서울특별시 은평구 은평터널로 27,02-351-5422,https://www.ep.go.kr/CmsWeb/viewPage.req?idx=PG0000003563&page=11&dong=618,0,
204,서울특별시 ,공공,주민자치기관,진관동 주민센터,서울특별시 은평구 진관2로 31,02-351-5453,https://www.ep.go.kr/CmsWeb/viewPage.req?idx=PG0000003563&page=11&dong=622,0,
205,서울특별시 ,공공,국가 및 지자체,서대문구청,서울특별시 서대문구 연희로 248,02-330-1301,http://www.sdm.go.kr/,0,
206,서울특별시 ,공공,주민자치기관,충현동 주민센터,서울특별시 서대문구 북아현로22길 38,02-330-8101,http://www.sdm.go.kr/dong/ch/index.do,0,
207,서울특별시 ,공공,주민자치기관,천연동 주민센터,서울특별시 서대문구 성산로 694,02-330-8103,http://www.sdm.go.kr/dong/cy/index.do,0,
208,서울특별시 ,공공,주민자치기관,북아현동 주민센터,서울특별시 서대문구 북아현로 24,02-330-8105,http://www.sdm.go.kr/dong/bah/index.do,0,
209,서울특별시 ,공공,주민자치기관,신촌동 주민센터,서울특별시 서대문구 이화여대길 92-8,02-330-8111,http://www.sdm.go.kr/dong/sc/index.do,0,
210,서울특별시 ,공공,주민자치기관,연희동 주민센터,서울특별시 서대문구 연희로 189,02-330-8115,http://www.sdm.go.kr/dong/yh/index.do,0,
211,서울특별시 ,공공,주민자치기관,홍제1동 주민센터,서울특별시 서대문구 통일로 435-1,02-330-8121,http://www.sdm.go.kr/dong/hj1/index.do,0,
212,서울특별시 ,공공,주민자치기관,홍제2동 주민센터,서울특별시 서대문구 통일로34길 27,02-330-8127,http://www.sdm.go.kr/dong/hj2/index.do,0,
213,서울특별시 ,공공,주민자치기관,홍제3동 주민센터,서울특별시 서대문구 세검정로4길 32,02-330-8125,http://www.sdm.go.kr/dong/hj3/index.do,0,
214,서울특별시 ,공공,주민자치기관,홍은1동 주민센터,서울특별시 서대문구 홍은중앙로 85,02-330-8129,http://www.sdm.go.kr/dong/he1/index.do,0,
215,서울특별시 ,공공,주민자치기관,홍은2동 주민센터,서울특별시 서대문구 모래내로 334,02-330-8134,http://www.sdm.go.kr/dong/he2/index.do,0,
216,서울특별시 ,공공,주민자치기관,남가좌1동 주민센터,서울특별시 서대문구 모래내로15길 37,02-330-8135,http://www.sdm.go.kr/dong/ngj1/index.do,0,
217,서울특별시 ,공공,주민자치기관,남가좌2동 주민센터,서울특별시 서대문구 증가로10길 28,02-330-8137,http://www.sdm.go.kr/dong/ngj2/index.do,0,
218,서울특별시 ,공공,주민자치기관,북가좌1동 주민센터,서울특별시 서대문구 수색로 100-55,02-330-8139,http://www.sdm.go.kr/dong/bgj1/index.do,0,
219,서울특별시 ,공공,주민자치기관,북가좌2동 주민센터,서울특별시 서대문구 응암로1길 10,02-330-8141,http://www.sdm.go.kr/dong/bgj2/index.do,0,
220,서울특별시 ,공공,국가 및 지자체,마포구청,서울특별시 마포구 월드컵로 212,02-3153-8114,http://www.mapo.go.kr/,0,
221,서울특별시 ,공공,주민자치기관,공덕동 주민센터,서울특별시 마포구 만리재옛길 84,02-3153-6500,http://gongdeok.mapo.go.kr/,0,주민자치회관통합프로그램
222,서울특별시 ,공공,주민자치기관,아현동 주민센터,서울특별시 마포구 마포대로7길 18,02-3153-6530,http://ahyeon.mapo.go.kr/,0,
223,서울특별시 ,공공,주민자치기관,도화동 주민센터,서울특별시 마포구 도화길 37,02-3153-6560,http://dohwa.mapo.go.kr/,0,
224,서울특별시 ,공공,주민자치기관,용강동 주민센터,서울특별시 마포구 토정로31길 31,02-3153-6590,http://yonggang.mapo.go.kr/,0,
225,서울특별시 ,공공,주민자치기관,대흥동 주민센터,서울특별시 마포구 신촌로26길 10,02-3153-6620,http://daeheung.mapo.go.kr/,0,
226,서울특별시 ,공공,주민자치기관,염리동 주민센터,서울특별시 마포구 숭문길 14,02-3153-6650,http://yeomni.mapo.go.kr/,0,
227,서울특별시 ,공공,주민자치기관,신수동 주민센터,서울특별시 마포구 독막로 192,02-3153-6680,http://sinsu.mapo.go.kr/,0,
228,서울특별시 ,공공,주민자치기관,서강동 주민센터,서울특별시 마포구 독막로 165,02-3153-6710,http://seogang.mapo.go.kr/,0,
229,서울특별시 ,공공,주민자치기관,서교동 주민센터,서울특별시 마포구 동교로15길 7,02-3153-6740,http://seogyo.mapo.go.kr/,0,
230,서울특별시 ,공공,주민자치기관,합정동 주민센터,서울특별시 마포구 월드컵로5길 11,02-3153-6770,http://hapjeong.mapo.go.kr/,0,
231,서울특별시 ,공공,주민자치기관,망원1동 주민센터,서울특별시 마포구 포은로6길 10,02-3153-6800,http://mangwon1.mapo.go.kr/,0,
232,서울특별시 ,공공,주민자치기관,망원2동 주민센터,서울특별시 마포구 방울내로7길 11,02-3153-6830,http://mangwon2.mapo.go.kr/,0,
233,서울특별시 ,공공,주민자치기관,연남동 주민센터,서울특별시 마포구 성미산로29길 17-9,02-3153-6860,http://www.mapo.go.kr/CmsWeb/template/yeonnam,0,
234,서울특별시 ,공공,주민자치기관,성산1동 주민센터,서울특별시 마포구 성산로4길 15,02-3153-6890,http://seongsan1.mapo.go.kr/,0,
235,서울특별시 ,공공,주민자치기관,성산2동 주민센터,서울특별시 마포구 월드컵북로30길 22,02-3153-6920,http://seongsan2.mapo.go.kr/,0,
236,서울특별시 ,공공,주민자치기관,상암동 주민센터,서울특별시 마포구 매봉산로2길 16,02-3153-6950,http://sangam.mapo.go.kr/,0,
237,서울특별시 ,공공,국가 및 지자체,양천구청,서울특별시 양천구 목동동로 105,02-2620-3114,http://www.yangcheon.go.kr/,0,
238,서울특별시 ,공공,주민자치기관,목1동 주민센터,서울특별시 양천구 목동서로 192,02-2620-3942,http://www.yangcheon.go.kr/dong/mok01/main.do,0,
239,서울특별시 ,공공,주민자치기관,목2동 주민센터,서울특별시 양천구 목동중앙본로 120,02-2620-3960,http://www.yangcheon.go.kr/dong/mok02/main.do,0,
240,서울특별시 ,공공,주민자치기관,목3동 주민센터,서울특별시 양천구 목동중앙남로16나길 55,02-2620-3980,http://www.yangcheon.go.kr/dong/mok03/main.do,0,
241,서울특별시 ,공공,주민자치기관,목4동 주민센터,서울특별시 양천구 목동중앙로 25,02-2620-4000,http://www.yangcheon.go.kr/dong/mok04/main.do,0,
242,서울특별시 ,공공,주민자치기관,목5동 주민센터,서울특별시 양천구 목동서로 41,02-2620-4020,http://www.yangcheon.go.kr/dong/mok05/main.do,0,
243,서울특별시 ,공공,주민자치기관,신월1동 주민센터,서울특별시 양천구 곰달래로1길 38,02-2620-4050,http://www.yangcheon.go.kr/dong/sinwol01/main.do,0,
244,서울특별시 ,공공,주민자치기관,신월2동 주민센터,서울특별시 양천구 중앙로53길 47 ,02-2620-4070,http://www.yangcheon.go.kr/dong/sinwol02/main.do,0,
245,서울특별시 ,공공,주민자치기관,신월3동 주민센터,서울특별시 양천구 남부순환로54길 5,02-2620-4090,http://www.yangcheon.go.kr/dong/sinwol03/main.do,0,
246,서울특별시 ,공공,주민자치기관,신월4동 주민센터,서울특별시 양천구 오목로5길 34,02-2620-4110,http://www.yangcheon.go.kr/dong/sinwol04/main.do,0,
247,서울특별시 ,공공,주민자치기관,신월5동 주민센터,서울특별시 양천구 화곡로4길 10,02-2620-4130,http://www.yangcheon.go.kr/dong/sinwol05/main.do,0,
248,서울특별시 ,공공,주민자치기관,신월6동 주민센터,서울특별시 양천구 남부순환로 609,02-2620-4150,http://www.yangcheon.go.kr/dong/sinwol06/main.do,0,
249,서울특별시 ,공공,주민자치기관,신월7동 주민센터,서울특별시 양천구 남부순환로70길 16-3,02-2620-4170,http://www.yangcheon.go.kr/dong/sinwol07/main.do,0,
250,서울특별시 ,공공,주민자치기관,신정1동 주민센터,서울특별시 양천구 중앙로32길 1,02-2620-4190,http://www.yangcheon.go.kr/dong/sinjeong01/main.do,0,
251,서울특별시 ,공공,주민자치기관,신정2동 주민센터,서울특별시 양천구 목동동로 154,02-2620-4210,http://www.yangcheon.go.kr/dong/sinjeong02/main.do,0,
252,서울특별시 ,공공,주민자치기관,신정3동 주민센터,서울특별시 양천구 중앙로 209,02-2620-4230,http://www.yangcheon.go.kr/dong/sinjeong03/main.do,0,
253,서울특별시 ,공공,주민자치기관,신정4동 주민센터,서울특별시 양천구 오목로34길 5,02-2620-4250,http://www.yangcheon.go.kr/dong/sinjeong04/main.do,0,
254,서울특별시 ,공공,주민자치기관,신정6동 주민센터,서울특별시 양천구 목동서로 353,02-2620-4285,http://www.yangcheon.go.kr/dong/sinjeong06/main.do,0,
255,서울특별시 ,공공,주민자치기관,신정7동 주민센터,서울특별시 양천구 목동동로 37,02-2620-4305,http://www.yangcheon.go.kr/dong/sinjeong07/main.do,0,
256,서울특별시 ,공공,국가 및 지자체,강서구청,서울특별시 강서구 화곡로 302,02-2600-6114,http://www.gangseo.seoul.kr/,0,
257,서울특별시 ,공공,주민자치기관,염창동 주민센터,서울특별시 강서구 양천로67가길 63,02-2600-7335,http://www.gangseo.seoul.kr/site/dong/index.jsp?dnum=1&dcode=YC0,0,주민자치회관통합프로그램
258,서울특별시 ,공공,주민자치기관,등촌1동 주민센터,서울특별시 강서구 공항대로53가길 55,02-2600-7365,http://www.gangseo.seoul.kr/site/dong/index.jsp?dnum=2&dcode=DC1,0,
259,서울특별시 ,공공,주민자치기관,등촌2동 주민센터,서울특별시 강서구 등촌로 143,02-2600-7395,http://www.gangseo.seoul.kr/site/dong/index.jsp?dnum=3&dcode=DC2,0,
260,서울특별시 ,공공,주민자치기관,등촌3동 주민센터,서울특별시 강서구 화곡로63길 96,02-2600-7445,http://www.gangseo.seoul.kr/site/dong/index.jsp?dnum=4&dcode=DC3,0,
261,서울특별시 ,공공,주민자치기관,화곡본동 주민센터,서울특별시 강서구 초록마을로5길 29,02-2600-7485,http://www.gangseo.seoul.kr/site/dong/index.jsp?dnum=5&dcode=HG0,0,
262,서울특별시 ,공공,주민자치기관,화곡1동 주민센터,서울특별시 강서구 곰달래로 79,02-2600-7525,http://www.gangseo.seoul.kr/site/dong/index.jsp?dnum=6&dcode=HG1,0,
263,서울특별시 ,공공,주민자치기관,화곡2동 주민센터,서울특별시 강서구 곰달래로37길 13,02-2600-7555,http://www.gangseo.seoul.kr/site/dong/index.jsp?dnum=7&dcode=HG2,0,
264,서울특별시 ,공공,주민자치기관,화곡3동 주민센터,서울특별시 강서구 강서로33가길 17,02-2600-7585,http://www.gangseo.seoul.kr/site/dong/index.jsp?dnum=8&dcode=HG3,0,
265,서울특별시 ,공공,주민자치기관,화곡4동 주민센터,서울특별시 강서구 곰달래로57가길 26,02-2600-7635,http://www.gangseo.seoul.kr/site/dong/index.jsp?dnum=9&dcode=HG4,0,
266,서울특별시 ,공공,주민자치기관,화곡6동 주민센터,서울특별시 강서구 화곡로 312,02-2600-7665,http://www.gangseo.seoul.kr/site/dong/index.jsp?dnum=11&dcode=HG6,0,
267,서울특별시 ,공공,주민자치기관,화곡8동 주민센터,서울특별시 강서구 곰달래로25길 45,02-2600-7705,http://www.gangseo.seoul.kr/site/dong/index.jsp?dnum=13&dcode=HG8,0,
268,서울특별시 ,공공,주민자치기관,우장산동 주민센터,서울특별시 강서구 우현로 34,02-2600-7745,http://www.gangseo.seoul.kr/site/dong/index.jsp?dnum=10&dcode=HG5,0,
269,서울특별시 ,공공,주민자치기관,가양1동 주민센터,서울특별시 강서구 허준로 30,02-2600-7785,http://www.gangseo.seoul.kr/site/dong/index.jsp?dnum=14&dcode=GY1,0,
270,서울특별시 ,공공,주민자치기관,가양2동 주민센터,서울특별시 강서구 허준로 93,02-2600-7825,http://www.gangseo.seoul.kr/site/dong/index.jsp?dnum=15&dcode=GY2,0,
271,서울특별시 ,공공,주민자치기관,가양3동 주민센터,서울특별시 강서구 허준로 202,02-2600-7865,http://www.gangseo.seoul.kr/site/dong/index.jsp?dnum=16&dcode=GY3,0,
272,서울특별시 ,공공,주민자치기관,발산1동 주민센터,서울특별시 강서구 강서로47길 54,02-2600-7895,http://www.gangseo.seoul.kr/site/dong/index.jsp?dnum=17&dcode=BS1,0,
273,서울특별시 ,공공,주민자치기관,공항동 주민센터,서울특별시 강서구 송정로 45,02-2600-7935,http://www.gangseo.seoul.kr/site/dong/index.jsp?dnum=19&dcode=GH0,0,
274,서울특별시 ,공공,주민자치기관,방화1동 주민센터,서울특별시 강서구 방화대로 330,02-2600-7975,http://www.gangseo.seoul.kr/site/dong/index.jsp?dnum=20&dcode=BH1,0,
275,서울특별시 ,공공,주민자치기관,방화2동 주민센터,서울특별시 강서구 개화동로23길 20,02-2600-5235,http://www.gangseo.seoul.kr/site/dong/index.jsp?dnum=21&dcode=BH2,0,
276,서울특별시 ,공공,주민자치기관,방화3동 주민센터,서울특별시 강서구 금낭화로24길 5,02-2600-5275,http://www.gangseo.seoul.kr/site/dong/index.jsp?dnum=22&dcode=BH3,0,
277,서울특별시 ,공공,국가 및 지자체,구로구청,서울특별시 구로구 가마산로 245,02-860-2114,http://www.guro.go.kr/,0,
278,서울특별시 ,공공,주민자치기관,신도림동 주민센터,서울특별시 구로구 신도림로 40,02-2620-7100,http://www.guro.go.kr/dong/NR_index.do?code=101,0,주민자치회관통합프로그램
279,서울특별시 ,공공,주민자치기관,구로1동 주민센터,서울특별시 구로구 구일로4길 57,02-2620-7200,http://www.guro.go.kr/dong/NR_index.do?categoryVal=1002,0,
280,서울특별시 ,공공,주민자치기관,구로2동 주민센터,서울특별시 구로구 구로동로 141,02-2620-7300,http://www.guro.go.kr/dong/NR_index.do?categoryVal=1003,0,
281,서울특별시 ,공공,주민자치기관,구로3동 주민센터,서울특별시 구로구 디지털로31길 109,02-2620-7400,http://www.guro.go.kr/dong/NR_index.do?categoryVal=1004,0,
282,서울특별시 ,공공,주민자치기관,구로4동 주민센터,서울특별시 구로구 구로동로28길 94,02-2620-7500,http://www.guro.go.kr/dong/NR_index.do?categoryVal=1005,0,
283,서울특별시 ,공공,주민자치기관,구로5동 주민센터,서울특별시 구로구 구로중앙로28길 66,02-2620-7600,http://www.guro.go.kr/dong/NR_index.do?categoryVal=1006,0,
284,서울특별시 ,공공,주민자치기관,가리봉동 주민센터,서울특별시 구로구 디지털로26길 5,02-2620-7700,http://www.guro.go.kr/dong/NR_index.do?categoryVal=1007,0,
285,서울특별시 ,공공,주민자치기관,고척1동 주민센터,서울특별시 구로구 중앙로3길 18-8,02-2620-7800,http://www.guro.go.kr/dong/NR_index.do?categoryVal=1008,0,
286,서울특별시 ,공공,주민자치기관,고척2동 주민센터,서울특별시 구로구 중앙로15길 22,02-2620-7900,http://www.guro.go.kr/dong/NR_index.do?categoryVal=1009,0,
287,서울특별시 ,공공,주민자치기관,개봉1동 주민센터,서울특별시 구로구 경인로33길 51,02-2620-7150,http://www.guro.go.kr/dong/NR_index.do?categoryVal=1010,0,
288,서울특별시 ,공공,주민자치기관,개봉2동 주민센터,서울특별시 구로구 개봉로16가길 17,02-2620-7250,http://www.guro.go.kr/dong/NR_index.do?categoryVal=1011,0,
289,서울특별시 ,공공,주민자치기관,개봉3동 주민센터,서울특별시 구로구 개봉로3길 47-5,02-2620-7350,http://www.guro.go.kr/dong/NR_index.do?categoryVal=1012,0,
290,서울특별시 ,공공,주민자치기관,오류1동 주민센터,서울특별시 구로구 경인로 221,02-2620-7450,http://www.guro.go.kr/dong/NR_index.do?categoryVal=1013,0,
291,서울특별시 ,공공,주민자치기관,오류2동 주민센터,서울특별시 구로구 오류로 45,02-2620-7550,http://www.guro.go.kr/dong/NR_index.do?categoryVal=1014,0,
292,서울특별시 ,공공,주민자치기관,수궁동 주민센터,서울특별시 구로구 오리로15길 32,02-2620-7650,http://www.guro.go.kr/dong/NR_index.do?categoryVal=1015,0,
293,서울특별시 ,공공,국가 및 지자체,금천구청,서울특별시 금천구 시흥대로73길 70,02-2627-2114,http://www.geumcheon.go.kr/,0,모든교육통합프로그램
294,서울특별시 ,공공,주민자치기관,가산동 주민센터,서울특별시 금천구 가산로 129,02-2627-2501,http://gasan.geumcheon.go.kr/main/index/index025.jsp,0,
295,서울특별시 ,공공,주민자치기관,독산1동 주민센터,서울특별시 금천구 시흥대로123길 11,02-2627-2503,http://doksan1.geumcheon.go.kr/main/index/index026.jsp,0,
296,서울특별시 ,공공,주민자치기관,독산2동 주민센터,서울특별시 금천구 범안로 1240-7,02-2627-2505,http://doksan2.geumcheon.go.kr/main/index/index027.jsp,0,
297,서울특별시 ,공공,주민자치기관,독산3동 주민센터,서울특별시 금천구 독산로 317 B동,02-2627-2507,http://doksan3.geumcheon.go.kr/main/index/index028.jsp,0,
298,서울특별시 ,공공,주민자치기관,독산4동 주민센터,서울특별시 금천구 독산로 232,02-2627-2509,http://doksan3.geumcheon.go.kr/main/index/index029.jsp,0,
299,서울특별시 ,공공,주민자치기관,시흥1동 주민센터,서울특별시 금천구 시흥대로58길 36,02-2627-2514,http://doksan3.geumcheon.go.kr/main/index/index030.jsp,0,
300,서울특별시 ,공공,주민자치기관,시흥2동 주민센터,서울특별시 금천구 금하로 764,02-2627-2515,http://doksan3.geumcheon.go.kr/main/index/index031.jsp,0,
301,서울특별시 ,공공,주민자치기관,시흥3동 주민센터,서울특별시 금천구 시흥대로18길 40,02-2627-2517,http://doksan3.geumcheon.go.kr/main/index/index032.jsp,0,
302,서울특별시 ,공공,주민자치기관,시흥4동 주민센터,서울특별시 금천구 독산로36길 14,02-2627-2519,http://doksan3.geumcheon.go.kr/main/index/index033.jsp,0,
303,서울특별시 ,공공,주민자치기관,시흥5동 주민센터,서울특별시 금천구 금하로21길 20,02-2627-2521,http://doksan3.geumcheon.go.kr/main/index/index034.jsp,0,
304,서울특별시 ,공공,국가 및 지자체,영등포구청,서울특별시 영등포구 당산로 123,02-2670-3114,http://www.ydp.go.kr/,0,
305,서울특별시 ,공공,주민자치기관,영등포본동 주민센터,서울특별시 영등포구 신길로61길 17,02-2670-1024,http://www.ydp.go.kr/jumin/page.do?mCode=A025000000&path=jumin&dongNm=%BF%B5%B5%EE%C6%F7%BA%BB%B5%BF,0,
306,서울특별시 ,공공,주민자치기관,영등포동 주민센터,서울특별시 영등포구 영등포로53길 22,02-2670-1450,http://www.ydp.go.kr/jumin/page.do?mCode=A025000000&path=jumin&dongNm=%BF%B5%B5%EE%C6%F7%B5%BF,0,
307,서울특별시 ,공공,주민자치기관,여의동 주민센터,서울특별시 영등포구 국제금융로 124,02-2670-1451,http://www.ydp.go.kr/jumin/page.do?mCode=A025000000&path=jumin&dongNm=%BF%A9%C0%C7%B5%BF,0,
308,서울특별시 ,공공,주민자치기관,당산1동 주민센터,서울특별시 영등포구 양산로23길 11,02-2670-1452,http://www.ydp.go.kr/jumin/page.do?mCode=A025000000&path=jumin&dongNm=%B4%E7%BB%EA1%B5%BF,0,
309,서울특별시 ,공공,주민자치기관,당산2동 주민센터,서울특별시 영등포구 당산로41가길 7,02-2670-1129,http://www.ydp.go.kr/jumin/page.do?mCode=A025000000&path=jumin&dongNm=%B4%E7%BB%EA2%B5%BF,0,
310,서울특별시 ,공공,주민자치기관,도림동 주민센터,서울특별시 영등포구 도영로7길 10,02-2670-1154,http://www.ydp.go.kr/jumin/page.do?mCode=A025000000&path=jumin&dongNm=%B5%B5%B8%B2%B5%BF,0,
311,서울특별시 ,공공,주민자치기관,문래동 주민센터,서울특별시 영등포구 문래로28길 15,02-2670-1174,http://www.ydp.go.kr/jumin/page.do?mCode=A025000000&path=jumin&dongNm=%B9%AE%B7%A1%B5%BF,0,
312,서울특별시 ,공공,주민자치기관,양평1동 주민센터,서울특별시 영등포구 영등포로11길 12,02-2670-1455,http://www.ydp.go.kr/jumin/page.do?mCode=A025000000&path=jumin&dongNm=%BE%E7%C6%F21%B5%BF,0,
313,서울특별시 ,공공,주민자치기관,양평2동 주민센터,서울특별시 영등포구 양평로20길 8-1,02-2670-1233,http://www.ydp.go.kr/jumin/page.do?mCode=A025000000&path=jumin&dongNm=%BE%E7%C6%F22%B5%BF,0,
314,서울특별시 ,공공,주민자치기관,신길1동 주민센터,서울특별시 영등포구 영등포로84길 24-5,02-2670-1259,http://www.ydp.go.kr/jumin/page.do?mCode=A025000000&path=jumin&dongNm=%BD%C5%B1%E61%B5%BF,0,
315,서울특별시 ,공공,주민자치기관,신길3동 주민센터,서울특별시 영등포구 신길로41라길 13-8,02-2670-1456,http://www.ydp.go.kr/jumin/page.do?mCode=A025000000&path=jumin&dongNm=%BD%C5%B1%E63%B5%BF,0,
316,서울특별시 ,공공,주민자치기관,신길4동 주민센터,서울특별시 영등포구 신길로42길 1,02-2670-1299,http://www.ydp.go.kr/jumin/page.do?mCode=A025000000&path=jumin&dongNm=%BD%C5%B1%E64%B5%BF,0,
317,서울특별시 ,공공,주민자치기관,신길5동 주민센터,서울특별시 영등포구 도림로 264,02-2670-1304,http://www.ydp.go.kr/jumin/page.do?mCode=A025000000&path=jumin&dongNm=%BD%C5%B1%E65%B5%BF,0,
318,서울특별시 ,공공,주민자치기관,신길6동 주민센터,서울특별시 영등포구 대방천로 169,02-2670-1329,http://www.ydp.go.kr/jumin/page.do?mCode=A025000000&path=jumin&dongNm=%BD%C5%B1%E66%B5%BF,0,
319,서울특별시 ,공공,주민자치기관,신길7동 주민센터,서울특별시 영등포구 여의대방로43길 10,02-2670-1354,http://www.ydp.go.kr/jumin/page.do?mCode=A025000000&path=jumin&dongNm=%BD%C5%B1%E67%B5%BF,0,
320,서울특별시 ,공공,주민자치기관,대림1동 주민센터,서울특별시 영등포구 디지털로 441,02-2670-1379,http://www.ydp.go.kr/jumin/page.do?mCode=A025000000&path=jumin&dongNm=%B4%EB%B8%B21%B5%BF,0,
321,서울특별시 ,공공,주민자치기관,대림2동 주민센터,서울특별시 영등포구 대림로23길 25,02-2670-1419,http://www.ydp.go.kr/jumin/page.do?mCode=A025000000&path=jumin&dongNm=%B4%EB%B8%B22%B5%BF,0,대림3동도있음
322,서울특별시 ,공공,국가 및 지자체,동작구청,서울특별시 동작구 장승배기로 161,02-820-1114,http://www.dongjak.go.kr/,0,
323,서울특별시 ,공공,주민자치기관,노량진1동 주민센터,서울특별시 동작구 장승배기로28길 30,02-820-2984,http://www.dongjak.go.kr/dong/main/main.do?dongCode=01,0,
324,서울특별시 ,공공,주민자치기관,노량진2동 주민센터,서울특별시 동작구 장승배기로19길 48,02-812-0903,http://www.dongjak.go.kr/dong/main/main.do?dongCd=02,0,
325,서울특별시 ,공공,주민자치기관,상도1동 주민센터,서울특별시 동작구 상도로53길 9,02-815-3084,http://www.dongjak.go.kr/dong/main/main.do?dongCd=03,0,
326,서울특별시 ,공공,주민자치기관,상도2동 주민센터,서울특별시 동작구 상도로 211,02-814-3755,http://www.dongjak.go.kr/dong/main/main.do?dongCd=04,0,
327,서울특별시 ,공공,주민자치기관,상도3동 주민센터,서울특별시 동작구 성대로2길 11,02-822-1005,http://www.dongjak.go.kr/dong/main/main.do?dongCd=05,0,
328,서울특별시 ,공공,주민자치기관,상도4동 주민센터,서울특별시 동작구 성대로29길 53,02-823-0859,http://www.dongjak.go.kr/dong/main/main.do?dongCd=06,0,
329,서울특별시 ,공공,주민자치기관,흑석동 주민센터,서울특별시 동작구 흑석한강로 11,02-815-1046,http://www.dongjak.go.kr/dong/main/main.do?dongCd=07,0,
330,서울특별시 ,공공,주민자치기관,사당1동 주민센터,서울특별시 동작구 동작대로17길 28,02-582-8582,http://www.dongjak.go.kr/dong/main/main.do?dongCd=08,0,
331,서울특별시 ,공공,주민자치기관,사당2동 주민센터,서울특별시 동작구 동작대로29길 52,02-534-0010,http://www.dongjak.go.kr/dong/main/main.do?dongCd=09,0,
332,서울특별시 ,공공,주민자치기관,사당3동 주민센터,서울특별시 동작구 사당로17길 86,02-534-0040,http://www.dongjak.go.kr/dong/main/main.do?dongCd=10,0,
333,서울특별시 ,공공,주민자치기관,사당4동 주민센터,서울특별시 동작구 사당로16아길 6,02-585-0050,http://www.dongjak.go.kr/dong/main/main.do?dongCd=11,0,
334,서울특별시 ,공공,주민자치기관,사당5동 주민센터,서울특별시 동작구 사당로2가길 219,02-525-6076,http://www.dongjak.go.kr/dong/main/main.do?dongCd=12,0,
335,서울특별시 ,공공,주민자치기관,대방동 주민센터,서울특별시 동작구 여의대방로44길 20,02-815-0226,http://www.dongjak.go.kr/dong/main/main.do?dongCd=13,0,
336,서울특별시 ,공공,주민자치기관,신대방1동 주민센터,서울특별시 동작구 신대방길 72,02-832-6521,http://www.dongjak.go.kr/dong/main/main.do?dongCd=14,0,
337,서울특별시 ,공공,주민자치기관,신대방2동 주민센터,서울특별시 동작구 여의대방로24길 106,02-821-1008,http://www.dongjak.go.kr/dong/main/main.do?dongCd=15,0,
338,서울특별시 ,공공,국가 및 지자체,관악구청,서울특별시 관악구 관악로 145,02-879-5000,http://www.gwanak.go.kr,0,
339,서울특별시 ,공공,주민자치기관,보라매동 주민센터,서울특별시 관악구 봉천로 279-8,02-879-4201,http://www.gwanak.go.kr/site/gwanak/ex/dept/DongMain.do?cdIdx=D3200150,0,주민자치회관통합프로그램
340,서울특별시 ,공공,주민자치기관,은천동 주민센터,서울특별시 관악구 봉천로33나길 30,02-879-4231,http://www.gwanak.go.kr/site/gwanak/ex/dept/DongMain.do?cdIdx=D3200151,0,
341,서울특별시 ,공공,주민자치기관,성현동 주민센터,서울특별시 관악구 구암길 38,02-879-4261,http://www.gwanak.go.kr/site/gwanak/ex/dept/DongMain.do?cdIdx=D3200152,0,
342,서울특별시 ,공공,주민자치기관,중앙동 주민센터,서울특별시 관악구 양녕로6다길 7,02-879-4291,http://www.gwanak.go.kr/site/gwanak/ex/dept/DongMain.do?cdIdx=D3200153,0,
343,서울특별시 ,공공,주민자치기관,청림동 주민센터,서울특별시 관악구 관악로40길 39,02-879-4321,http://www.gwanak.go.kr/site/gwanak/ex/dept/DongMain.do?cdIdx=D3200154,0,
344,서울특별시 ,공공,주민자치기관,행운동 주민센터,서울특별시 관악구 행운1길 43,02-879-4351,http://www.gwanak.go.kr/site/gwanak/ex/dept/DongMain.do?cdIdx=D3200155,0,
345,서울특별시 ,공공,주민자치기관,청룡동 주민센터,서울특별시 관악구 쑥고개로 44,02-879-4381,http://www.gwanak.go.kr/site/gwanak/ex/dept/DongMain.do?cdIdx=D3200156,0,
346,서울특별시 ,공공,주민자치기관,낙성대동 주민센터,서울특별시 관악구 낙성대로4가길 5,02-879-4411,http://www.gwanak.go.kr/site/gwanak/ex/dept/DongMain.do?cdIdx=D3200157,0,
347,서울특별시 ,공공,주민자치기관,인헌동 주민센터,서울특별시 관악구 남부순환로246가길 20,02-879-4441,http://www.gwanak.go.kr/site/gwanak/ex/dept/DongMain.do?cdIdx=D3200158,0,
348,서울특별시 ,공공,주민자치기관,남현동 주민센터,서울특별시 관악구 남현1가길 29,02-879-4471,http://www.gwanak.go.kr/site/gwanak/ex/dept/DongMain.do?cdIdx=D3200052,0,
349,서울특별시 ,공공,주민자치기관,신림동 주민센터,서울특별시 관악구 신림동길 14,02-879-4501,http://www.gwanak.go.kr/site/gwanak/ex/dept/DongMain.do?cdIdx=D3200159,0,
350,서울특별시 ,공공,주민자치기관,신사동 주민센터,서울특별시 관악구 조원로 142,02-879-4531,http://www.gwanak.go.kr/site/gwanak/ex/dept/DongMain.do?cdIdx=D3200160,0,
351,서울특별시 ,공공,주민자치기관,조원동 주민센터,서울특별시 관악구 조원로12길 25,02-879-4561,http://www.gwanak.go.kr/site/gwanak/ex/dept/DongMain.do?cdIdx=D3200161,0,
352,서울특별시 ,공공,주민자치기관,미성동 주민센터,서울특별시 관악구 난곡로 249,02-879-4591,http://www.gwanak.go.kr/site/gwanak/ex/dept/DongMain.do?cdIdx=D3200162,0,
353,서울특별시 ,공공,주민자치기관,난곡동 주민센터,서울특별시 관악구 난곡로30길 40,02-879-4621,http://www.gwanak.go.kr/site/gwanak/ex/dept/DongMain.do?cdIdx=D3200169,0,
354,서울특별시 ,공공,주민자치기관,난향동 주민센터,서울특별시 관악구 난곡로 67,02-879-4651,http://www.gwanak.go.kr/site/gwanak/ex/dept/DongMain.do?cdIdx=D3200163,0,
355,서울특별시 ,공공,주민자치기관,서원동 주민센터,서울특별시 관악구 신림로 282,02-879-4681,http://www.gwanak.go.kr/site/gwanak/ex/dept/DongMain.do?cdIdx=D3200164,0,
356,서울특별시 ,공공,주민자치기관,서림동 주민센터,서울특별시 관악구 신림로29길 6,02-879-4741,http://www.gwanak.go.kr/site/gwanak/ex/dept/DongMain.do?cdIdx=D3200166,0,
357,서울특별시 ,공공,주민자치기관,삼성동 주민센터,서울특별시 관악구 호암로 589,02-879-4771,http://www.gwanak.go.kr/site/gwanak/ex/dept/DongMain.do?cdIdx=D3200167,0,
358,서울특별시 ,공공,주민자치기관,대학동 주민센터,서울특별시 관악구 신림로 111,02-879-4801,http://www.gwanak.go.kr/site/gwanak/ex/dept/DongMain.do?cdIdx=D3200168,0,
359,서울특별시 ,공공,국가 및 지자체,서초구청,서울특별시 서초구 남부순환로 2584,02-2155-6114,http://www.seocho.go.kr/,0,
360,서울특별시 ,공공,주민자치기관,서초1동 주민센터,서울특별시 서초구 사임당로 89,02-2155-7401,http://www.seocho.go.kr/site/v0/main.do,0,모든교육통합프로그램
361,서울특별시 ,공공,주민자치기관,서초2동 주민센터,서울특별시 서초구 서초대로70길 51,02-2155-7433,http://www.seocho.go.kr/site/v1/main.do,0,
362,서울특별시 ,공공,주민자치기관,서초3동 주민센터,서울특별시 서초구 반포대로10길 10,02-2155-7462,http://www.seocho.go.kr/site/v2/main.do,0,
363,서울특별시 ,공공,주민자치기관,서초4동 주민센터,서울특별시 서초구 서초대로77길 62,02-2155-7491,http://www.seocho.go.kr/site/v3/main.do,0,
364,서울특별시 ,공공,주민자치기관,잠원동 주민센터,서울특별시 서초구 나루터로 38,02-2155-7532,http://www.seocho.go.kr/site/v4/main.do,0,
365,서울특별시 ,공공,주민자치기관,반포본동 주민센터,서울특별시 서초구 신반포로 10,02-2155-7573,http://www.seocho.go.kr/site/v5/main.do,0,
366,서울특별시 ,공공,주민자치기관,반포1동 주민센터,서울특별시 서초구 사평대로 273,02-2155-7593,http://www.seocho.go.kr/site/v6/main.do,0,
367,서울특별시 ,공공,주민자치기관,반포2동 주민센터,서울특별시 서초구 신반포로15길 16,02-2155-7630,http://www.seocho.go.kr/site/v7/main.do,0,
368,서울특별시 ,공공,주민자치기관,반포3동 주민센터,서울특별시 서초구 신반포로23길 30,02-2155-7651,http://www.seocho.go.kr/site/v8/main.do,0,
369,서울특별시 ,공공,주민자치기관,반포4동 주민센터,서울특별시 서초구 사평대로28길 70,02-2155-7683,http://www.seocho.go.kr/site/v9/main.do,0,
370,서울특별시 ,공공,주민자치기관,방배본동 주민센터,서울특별시 서초구 동광로19길 38,02-2155-7711,http://www.seocho.go.kr/site/va/main.do,0,
371,서울특별시 ,공공,주민자치기관,방배1동 주민센터,서울특별시 서초구 효령로29길 43,02-2155-7741,http://www.seocho.go.kr/site/vb/main.do,0,
372,서울특별시 ,공공,주민자치기관,방배2동 주민센터,서울특별시 서초구 청두곶길 36,02-2155-7771,http://www.seocho.go.kr/site/vc/main.do,0,
373,서울특별시 ,공공,주민자치기관,방배3동 주민센터,서울특별시 서초구 방배로 40,02-2155-7801,http://www.seocho.go.kr/site/vd/main.do,0,
374,서울특별시 ,공공,주민자치기관,방배4동 주민센터,서울특별시 서초구 방배로 173,02-2155-7831,http://www.seocho.go.kr/site/ve/main.do,0,
375,서울특별시 ,공공,주민자치기관,양재1동 주민센터,서울특별시 서초구 바우뫼로 41,02-2155-7871,http://www.seocho.go.kr/site/vf/main.do,0,
376,서울특별시 ,공공,주민자치기관,양재2동 주민센터,서울특별시 서초구 강남대로12길 44,02-2155-7901,http://www.seocho.go.kr/site/vg/main.do,0,
377,서울특별시 ,공공,주민자치기관,내곡동 주민센터,서울특별시 서초구 염곡말길 9,02-2155-7934,http://www.seocho.go.kr/site/vh/main.do,0,
378,서울특별시 ,공공,국가 및 지자체,강남구청,서울특별시 강남구 학동로 426,02-3423-5114,http://www.gangnam.go.kr/,0,
379,서울특별시 ,공공,주민자치기관,신사동 주민센터,서울특별시 강남구 압구정로 128,02-3423-7320,http://www.gangnam.go.kr/center/main.do?office=3220040,자료없음,
380,서울특별시 ,공공,주민자치기관,논현1동 주민센터,서울특별시 강남구 학동로20길 25,02-3423-7420,http://www.gangnam.go.kr/center/main.do?office=3220041,0,
381,서울특별시 ,공공,주민자치기관,논현2동 주민센터,서울특별시 강남구 학동로43길 17,02-3423-7520,http://www.gangnam.go.kr/center/main.do?office=3220042,자료없음,
382,서울특별시 ,공공,주민자치기관,압구정동 주민센터,서울특별시 강남구 압구정로33길 48,02-3423-7620,http://www.gangnam.go.kr/center/main.do?office=3220141,0,
383,서울특별시 ,공공,주민자치기관,청담동 주민센터,서울특별시 강남구 압구정로79길 26,02-3423-7720,http://www.gangnam.go.kr/center/main.do?office=3220142,0,
384,서울특별시 ,공공,주민자치기관,삼성1동 주민센터,서울특별시 강남구 봉은사로 616,02-3423-7820,http://www.gangnam.go.kr/center/main.do?office=3220047,0,
385,서울특별시 ,공공,주민자치기관,삼성2동 주민센터,서울특별시 강남구 봉은사로 419,02-3423-8220,http://www.gangnam.go.kr/center/main.do?office=3220048,자료없음,
386,서울특별시 ,공공,주민자치기관,대치1동 주민센터,서울특별시 강남구 남부순환로391길 19,02-3423-8320,http://www.gangnam.go.kr/center/main.do?office=3220049,0,
387,서울특별시 ,공공,주민자치기관,대치2동 주민센터,서울특별시 강남구 영동대로65길 24,02-3423-8420,http://www.gangnam.go.kr/center/main.do?office=3220050,0,
388,서울특별시 ,공공,주민자치기관,대치4동 주민센터,서울특별시 강남구 도곡로77길 23,02-3423-8520,http://www.gangnam.go.kr/center/main.do?office=3220052,자료없음,
389,서울특별시 ,공공,주민자치기관,역삼1동 주민센터,서울특별시 강남구 역삼로7길 16,02-3423-8620,http://www.gangnam.go.kr/center/main.do?office=3220053,자료없음,
390,서울특별시 ,공공,주민자치기관,역삼2동 주민센터,서울특별시 강남구 도곡로43길 25,02-3423-7370,http://www.gangnam.go.kr/center/main.do?office=3220054,0,
391,서울특별시 ,공공,주민자치기관,도곡1동 주민센터,서울특별시 강남구 도곡로18길 57,02-3423-7470,http://www.gangnam.go.kr/center/main.do?office=3220055,자료없음,
392,서울특별시 ,공공,주민자치기관,도곡2동 주민센터,서울특별시 강남구 남부순환로378길 34-9,02-3423-7570,http://www.gangnam.go.kr/center/main.do?office=3220056,자료없음,
393,서울특별시 ,공공,주민자치기관,개포1동 주민센터,서울특별시 강남구 개포로 310-17,02-3423-7670,http://www.gangnam.go.kr/center/main.do?office=3220057,자료없음,
394,서울특별시 ,공공,주민자치기관,개포2동 주민센터,서울특별시 강남구 개포로 511,02-3423-7770,http://www.gangnam.go.kr/center/main.do?office=3220058,자료없음,
395,서울특별시 ,공공,주민자치기관,개포4동 주민센터,서울특별시 강남구 개포로38길 12,02-3423-7870,http://www.gangnam.go.kr/center/main.do?office=3220060,0,
396,서울특별시 ,공공,주민자치기관,일원본동 주민센터,서울특별시 강남구 광평로 126,02-3423-8270,http://www.gangnam.go.kr/center/main.do?office=3220062,0,
397,서울특별시 ,공공,주민자치기관,일원1동 주민센터,서울특별시 강남구 양재대로55길 14,02-3423-8370,http://www.gangnam.go.kr/center/main.do?office=3220063,0,
398,서울특별시 ,공공,주민자치기관,일원2동 주민센터,서울특별시 강남구 개포로 607,02-3423-8470,http://www.gangnam.go.kr/center/main.do?office=3220064,0,
399,서울특별시 ,공공,주민자치기관,수서동 주민센터,서울특별시 강남구 광평로 301-4,02-3423-8570,http://www.gangnam.go.kr/center/main.do?office=3220065,0,
400,서울특별시 ,공공,주민자치기관,세곡동 주민센터,서울특별시 강남구 밤고개로 286,02-3423-8670,http://www.gangnam.go.kr/center/main.do?office=3220061,자료없음,
401,서울특별시 ,공공,국가 및 지자체,송파구청,서울특별시 송파구 올림픽로 326,02-2147-2000,http://www.songpa.go.kr/,0,
402,서울특별시 ,공공,주민자치기관,풍납1동 주민센터,서울특별시 송파구 천호대로152길 7,02-2147-4000,http://www.songpa.go.kr/ebookreal/goto/pungnap1_main.html,0,모든교육통합프로그램
403,서울특별시 ,공공,주민자치기관,풍납2동 주민센터,서울특별시 송파구 토성로 64,02-2147-4030,http://www.songpa.go.kr/ebookreal/goto/pungnap2_main.html,0,
404,서울특별시 ,공공,주민자치기관,거여1동 주민센터,서울특별시 송파구 오금로53길 32,02-2147-4060,http://www.songpa.go.kr/user.kdf?a=songpa.menu.MenuApp&cate_id=BC0400000000,0,
405,서울특별시 ,공공,주민자치기관,거여2동 주민센터,서울특별시 송파구 거마로2길 19,02-2147-4090,http://www.songpa.go.kr/user.kdf?a=songpa.menu.MenuApp&cate_id=BC0500000000,0,
406,서울특별시 ,공공,주민자치기관,마천1동 주민센터,서울특별시 송파구 마천로 303,02-2147-4120,http://www.songpa.go.kr/user.kdf?a=songpa.menu.MenuApp&cate_id=BC0600000000,0,
407,서울특별시 ,공공,주민자치기관,마천2동 주민센터,서울특별시 송파구 마천로 287,02-2147-4150,http://www.songpa.go.kr/user.kdf?a=songpa.menu.MenuApp&cate_id=BC0700000000,0,
408,서울특별시 ,공공,주민자치기관,방이1동 주민센터,서울특별시 송파구 위례성대로16길 22,02-2147-4180,http://www.songpa.go.kr/user.kdf?a=songpa.menu.MenuApp&cate_id=BC1000000000,0,
409,서울특별시 ,공공,주민자치기관,방이2동 주민센터,서울특별시 송파구 백제고분로 495,02-2147-4210,http://www.songpa.go.kr/user.kdf?a=songpa.menu.MenuApp&cate_id=BC1100000000,0,
410,서울특별시 ,공공,주민자치기관,오륜동 주민센터,서울특별시 송파구 양재대로 1232,02-2147-4240,http://www.songpa.go.kr/user.kdf?a=songpa.menu.MenuApp&cate_id=BC1700000000,0,
411,서울특별시 ,공공,주민자치기관,오금동 주민센터,서울특별시 송파구 중대로25길 5,02-2147-4270,http://www.songpa.go.kr/user.kdf?a=songpa.menu.MenuApp&cate_id=BC1600000000,0,
412,서울특별시 ,공공,주민자치기관,송파1동 주민센터,서울특별시 송파구 백제고분로42길 5,02-2147-4300,http://www.songpa.go.kr/user.kdf?a=songpa.menu.MenuApp&cate_id=BC1400000000,0,
413,서울특별시 ,공공,주민자치기관,송파2동 주민센터,서울특별시 송파구 송이로 32,02-2147-4330,http://www.songpa.go.kr/user.kdf?a=songpa.menu.MenuApp&cate_id=BC1500000000,0,
414,서울특별시 ,공공,주민자치기관,석촌동 주민센터,서울특별시 송파구 백제고분로37길 16,02-2147-4360,http://www.songpa.go.kr/user.kdf?a=songpa.menu.MenuApp&cate_id=BC1300000000,0,
415,서울특별시 ,공공,주민자치기관,삼전동 주민센터,서울특별시 송파구 백제고분로 236,02-2147-4390,http://www.songpa.go.kr/user.kdf?a=songpa.menu.MenuApp&cate_id=BC1200000000,0,
416,서울특별시 ,공공,주민자치기관,가락본동 주민센터,서울특별시 송파구 송파대로28길 39,02-2147-4420,http://www.songpa.go.kr/user.kdf?a=songpa.menu.MenuApp&cate_id=BC0300000000,0,
417,서울특별시 ,공공,주민자치기관,가락1동 주민센터,서울특별시 송파구 송파대로37길 45,02-2147-4450,http://www.songpa.go.kr/user.kdf?a=songpa.menu.MenuApp&cate_id=BC0100000000,0,
418,서울특별시 ,공공,주민자치기관,가락2동 주민센터,서울특별시 송파구 중대로20길 6,02-2147-4480,http://www.songpa.go.kr/user.kdf?a=songpa.menu.MenuApp&cate_id=BC0200000000,0,
419,서울특별시 ,공공,주민자치기관,문정1동 주민센터,서울특별시 송파구 동남로 116,02-2147-4510,http://www.songpa.go.kr/user.kdf?a=songpa.menu.MenuApp&cate_id=BC0800000000,0,
420,서울특별시 ,공공,주민자치기관,문정2동 주민센터,서울특별시 송파구 중대로 16,02-2147-4540,http://www.songpa.go.kr/user.kdf?a=songpa.menu.MenuApp&cate_id=BC0900000000,0,
421,서울특별시 ,공공,주민자치기관,장지동 주민센터,서울특별시 송파구 새말로19길 6,02-2147-4570,http://www.songpa.go.kr/user.kdf?a=songpa.menu.MenuApp&cate_id=BC2600000000,0,
422,서울특별시 ,공공,주민자치기관,위례동 주민센터,서울특별시 송파구 위례광장로 210,02-2147-4950,http://www.songpa.go.kr/user.kdf?a=songpa.menu.MenuApp&cate_id=BC2900000000,0,
423,서울특별시 ,공공,주민자치기관,잠실본동 주민센터,서울특별시 송파구 백제고분로15길 9,02-2147-4600,http://www.songpa.go.kr/user.kdf?a=songpa.menu.MenuApp&cate_id=BC2500000000,0,
424,서울특별시 ,공공,주민자치기관,잠실2동 주민센터,서울특별시 송파구 올림픽로 159,02-2147-4630,http://www.songpa.go.kr/ebookreal/goto/jamsil2_main.html,0,
425,서울특별시 ,공공,주민자치기관,잠실3동 주민센터,서울특별시 송파구 잠실로 51-31,02-2147-4660,http://www.songpa.go.kr/user.kdf?a=songpa.menu.MenuApp&cate_id=BC2000000000,0,
426,서울특별시 ,공공,주민자치기관,잠실4동 주민센터,서울특별시 송파구 올림픽로35길 16,02-2147-4690,http://www.songpa.go.kr/user.kdf?a=songpa.menu.MenuApp&cate_id=BC2100000000,0,
427,서울특별시 ,공공,주민자치기관,잠실6동 주민센터,서울특별시 송파구 올림픽로35길 120,02-2147-4720,http://www.songpa.go.kr/user.kdf?a=songpa.menu.MenuApp&cate_id=BC2300000000,0,
428,서울특별시 ,공공,주민자치기관,잠실7동 주민센터,서울특별시 송파구 올림픽로4길 17,02-2147-4750,http://www.songpa.go.kr/user.kdf?a=songpa.menu.MenuApp&cate_id=BC2400000000,0,
429,서울특별시 ,공공,국가 및 지자체,강동구청,서울특별시 강동구 성내로 25,02-3425-5000,http://www.gangdong.go.kr/,0,
430,서울특별시 ,공공,주민자치기관,강일동 주민센터,서울특별시 강동구 아리수로93길 9-14,02-3425-7400,http://dong.gangdong.go.kr/dong/GangIlDong,0,주민자치회관통합프로그램
431,서울특별시 ,공공,주민자치기관,상일동 주민센터,서울특별시 강동구 고덕로80길 111,02-3425-7430,http://dong.gangdong.go.kr/dong/SangIlDong,0,
432,서울특별시 ,공공,주민자치기관,명일제1동 주민센터,서울특별시 강동구 양재대로138길 37,02-3425-7460,http://dong.gangdong.go.kr/dong/MyeongIl1Dong,0,
433,서울특별시 ,공공,주민자치기관,명일제2동 주민센터,서울특별시 강동구 상암로 260,02-3425-7490,http://dong.gangdong.go.kr/dong/MyeongIl2Dong,0,
434,서울특별시 ,공공,주민자치기관,고덕제1동 주민센터,서울특별시 강동구 양재대로156길 123,02-3425-7520,http://dong.gangdong.go.kr/dong/GoDeog1Dong,0,
435,서울특별시 ,공공,주민자치기관,고덕제2동 주민센터,서울특별시 강동구 아리수로78길 43-12,02-3425-7550,http://dong.gangdong.go.kr/dong/GoDeog2Dong,0,
436,서울특별시 ,공공,주민자치기관,암사제1동 주민센터,서울특별시 강동구 올림픽로98가길 57,02-3425-7580,http://dong.gangdong.go.kr/dong/AmSa1Dong,0,
437,서울특별시 ,공공,주민자치기관,암사제2동 주민센터,서울특별시 강동구 상암로3길 28,02-3425-7610,http://dong.gangdong.go.kr/dong/AmSa2Dong,0,
438,서울특별시 ,공공,주민자치기관,암사제3동 주민센터,서울특별시 강동구 고덕로 137,02-3425-7640,http://dong.gangdong.go.kr/dong/AmSa3Dong,0,
439,서울특별시 ,공공,주민자치기관,천호제1동 주민센터,서울특별시 강동구 구천면로42길 59,02-3425-7670,http://dong.gangdong.go.kr/dong/CheonHo1Dong,0,
440,서울특별시 ,공공,주민자치기관,천호제2동 주민센터,서울특별시 강동구 올림픽로 698,02-3425-7700,http://dong.gangdong.go.kr/dong/CheonHo2Dong,0,
441,서울특별시 ,공공,주민자치기관,천호제3동 주민센터,서울특별시 강동구 진황도로23길 7,02-3425-7730,http://dong.gangdong.go.kr/dong/CheonHo3Dong,0,
442,서울특별시 ,공공,주민자치기관,성내제1동 주민센터,서울특별시 강동구 성내로 13,02-3425-7760,http://dong.gangdong.go.kr/dong/SeongNae1Dong,0,
443,서울특별시 ,공공,주민자치기관,성내제2동 주민센터,서울특별시 강동구 풍성로37가길 62,02-3425-7790,http://dong.gangdong.go.kr/dong/SeongNae2Dong,0,
444,서울특별시 ,공공,주민자치기관,성내제3동 주민센터,서울특별시 강동구 강동대로53길 76,02-3425-7820,http://dong.gangdong.go.kr/dong/SeongNae3Dong,0,
445,서울특별시 ,공공,주민자치기관,길동 주민센터,서울특별시 강동구 명일로 229-1,02-3425-7850,http://dong.gangdong.go.kr/dong/GilDong,0,
446,서울특별시 ,공공,주민자치기관,둔촌제1동 주민센터,서울특별시 강동구 양재대로84길 31,02-3425-7880,http://dong.gangdong.go.kr/dong/DunChon1Dong,0,
447,서울특별시 ,공공,주민자치기관,둔촌제2동 주민센터,서울특별시 강동구 천호대로186길 7,02-3425-7910,http://dong.gangdong.go.kr/dong/DunChon2Dong,0,
448,서울특별시 ,공공,국가 및 지자체,국가평생교육진흥원,서울특별시 중구 청계천로 14 6층~12층,02-3780-9700,http://www.nile.or.kr,0,
449,서울특별시 ,공공,사이버,국가평생교육진흥원 (대학의 평생교육 활성화),서울특별시 중구 청계천로 14,02-3780-9700,http://univ.nile.or.kr/,사이버교육,
450,서울특별시 ,공공,사이버,국가평생교육진흥원 (평생교육사 자격관리),서울특별시 중구 청계천로 14,1577-3867,https://lledu.nile.or.kr,,
451,서울특별시 ,공공,사이버,국가평생교육진흥원 (평생학습계좌제),서울특별시 중구 청계천로 14,02-3780-9986,https://www.all.go.kr,,
452,서울특별시 ,공공,사이버,국가평생교육진흥원 (학점은행제),서울특별시 중구 청계천로 14,1600-0400,https://www.cb.or.kr,,
453,서울특별시 ,공공,사이버,국가평생교육진흥원 (독학학위제),서울특별시 중구 청계천로 14,1600-0400,https://bdes.nile.or.kr:444/nile/base/bdesMain.do,,
454,서울특별시 ,공공,사이버,국가평생교육진흥원 (K-MOOC),서울특별시 중구 청계천로 14,02-3780-9700,http://www.kmooc.kr/,,
455,서울특별시 ,공공,사이버,국가평생교육진흥원 (늘배움),서울특별시 중구 청계천로 14,02-3780-9700,http://www.lifelongedu.go.kr/,,
456,서울특별시 ,공공,사이버,국가평생교육진흥원 (국가문해교육센터),서울특별시 중구 청계천로 14,1600-6759,http://le.or.kr/,,
457,서울특별시 ,공공,사이버,국가평생교육진흥원 (전국학부모지원센터),서울특별시 중구 청계천로 14,02-3780-9938,http://www.parents.go.kr/,,
458,서울특별시 ,공공,사이버,국가평생교육진흥원 (중앙다문화교육센터),서울특별시 중구 청계천로 14,02-3780-9782,http://www.nime.or.kr/,,
459,서울특별시 ,공공,국가 및 지자체,서울평생교육진흥원,서울특별시 마포구 새창로 7,02-719-6093,http://smile.seoul.kr,수집못함,
460,서울특별시 ,공공,국가 및 지자체,전국평생학습도시협의회,"서울특별시 동대문구 왕산로 21, 202-2호",02-926-2021,http://www.kallc.or.kr/,자료없음,
461,서울특별시 ,공공,국가 및 지자체,청와대,서울특별시 종로구 청와대로 1 대통령 비서실,02-730-5800,http://www.president.go.kr/,자료없음,
462,서울특별시 ,공공,국가 및 지자체,국회의사당,서울특별시 영등포구 의사당대로 1,02-788-2114,http://www.assembly.go.kr/,자료없음,
463,서울특별시 ,공공,국가 및 지자체,국회사무처,서울특별시 영등포구 의사당대로 1,02-788-2114,http://nas.na.go.kr/,자료없음,
464,서울특별시 ,공공,도서관,국회도서관,서울특별시 영등포구 의사당대로 1,02-788-4211,https://www.nanet.go.kr,자료없음,
465,서울특별시 ,공공,국가 및 지자체,국회예산정책처,서울특별시 영등포구 의사당대로 1,02-2070-3114,http://www.nabo.go.kr/,자료없음,
466,서울특별시 ,공공,국가 및 지자체,국회입법조사처,서울특별시 영등포구 의사당대로 1,02-788-4510,http://www.nars.go.kr/,세미나이미지,
467,서울특별시 ,공공,국가 및 지자체,국회뉴스ON,서울특별시 영등포구 의사당대로 1,02-788-3936,http://www.naon.go.kr/,자료없음,
468,서울특별시 ,공공,국가 및 지자체,국회방문자센터,서울특별시 영등포구 의사당대로 1,02-788-3664,http://memorial.assembly.go.kr/,자료없음,
469,서울특별시 ,공공,국가 및 지자체,국회방송,서울특별시 영등포구 의사당대로 1,02-788-3492,http://www.natv.go.kr/,자료없음,
470,서울특별시 ,공공,국가 및 지자체,국회의정연수원,서울특별시 영등포구 의사당대로 1,02-788-3986,http://training.assembly.go.kr/,수집못함,
471,서울특별시 ,공공,국가 및 지자체,대법원,서울특별시 서초구 서초대로 219,02-3480-1100,http://www.scourt.go.kr/supreme/supreme.jsp,자료없음,
472,서울특별시 ,공공,국가 및 지자체,법원행정처,서울특별시 서초구 서초대로 219 (서초동 대법원),02-3480-1800,http://www.scourt.go.kr/scourt/index.html,자료없음,
473,서울특별시 ,공공,도서관,법원도서관,서울특별시 서초구 서초대로 219,02-3480-1563,https://library.scourt.go.kr,자료없음,
474,서울특별시 ,공공,국가 및 지자체,양형위원회,서울특별시 서초구 서초대로 219 (서초동 대법원) 대법원 동관 235호,02-3480-1926,http://sc.scourt.go.kr/,자료없음,
475,서울특별시 ,공공,국가 및 지자체,서울고등법원,서울특별시 서초구 서초중앙로 157,02-530-1114,http://slgodung.scourt.go.kr/,자료없음,
476,서울특별시 ,공공,국가 및 지자체,서울중앙지방법원,서울특별시 서초구 서초중앙로 157,02-530-1114,http://seoul.scourt.go.kr/,자료없음,
477,서울특별시 ,공공,국가 및 지자체,서울가정법원,서울 서초구 강남대로 193,02-2055-7114,http://slfamily.scourt.go.kr/,자료없음,
478,서울특별시 ,공공,국가 및 지자체,서울행정법원,서울 서초구 강남대로 193,02-2055-8114,http://sladmin.scourt.go.kr/,자료없음,
479,서울특별시 ,공공,국가 및 지자체,서울회생법원,서울특별시 서초구 서초중앙로 157,02-530-1114,http://slb.scourt.go.kr/rel/main.work,자료없음,
480,서울특별시 ,공공,국가 및 지자체,서울동부지방법원,서울특별시 송파구 법원로 101,02-2204-2114,http://sldongbu.scourt.go.kr/,자료없음,
